"nr","name","vorname","fraktion","funktion","beschreibung","dauer"
"245","Bartel","Rudolf","SVP","Tätigkeit in Führungs- und Aufsichtsgremien in- und ausländischer Unternehmen, Anstalten, Stiftungen des privaten und öffentlichen Rechtes","Gastro Thurgau: Vorstand, Präsident; Gastro Social Pensionskasse, Aarau: Stiftungsrat, Mitglied.","01.01.2025 -"
"245","Bartel","Rudolf","SVP","Ausübung wichtiger politischer Ämter (ausserhalb des Grossen Rates)","PG Gemeinde Bichelsee-Balterswil: Kommission Rechnungsrevisoren, Präsident","01.01.2025 -"
"25","Forrer","Roger","SVP","Tätigkeit in Führungs- und Aufsichtsgremien in- und ausländischer Unternehmen, Anstalten, Stiftungen des privaten und öffentlichen Rechtes","Schulstiftung Glarisegg, Steckborn: Verwaltungsrat, Präsident; SpitexTG: Betriebskommission, Präsident; Alters- und Plegeheim Steckborn: Betriebskommission, Präsident.","01.01.2025 -"
"403","Giger-Lehmann","Renate","GLP","Tätigkeit in Führungs- und Aufsichtsgremien in- und ausländischer Unternehmen, Anstalten, Stiftungen des privaten und öffentlichen Rechtes","Immobilien- und Baumesse Immozionale Thurgau: Messeleiterin. R & R. Giger AG, Münsterlingen: Verwaltungsrat. Abwasserzweckverband Münsterlingen: Mitglied, Vorstand. Wohnbaugenossenschaft Teupelacker, Landschlacht: Mitglied, Vorstand. Wohnbaugenossenschaft Manau, Landschlacht: Mitglied, RPK. Gemeinde Münsterlingen: Mitglied, RPK","01.01.2025 -"
"403","Giger-Lehmann","Renate","GLP","Ausübung wichtiger politischer Ämter (ausserhalb des Grossen Rates)","GLP Bezirk Kreuzlingen: Mitglied, Vorstand, Kassierin","01.01.2025 -"
"344","Müller-Altwegg","Isabelle","SVP","Ausübung wichtiger politischer Ämter (ausserhalb des Grossen Rates)","SVP Thurgau: Geschäftsleitung, Kassierin","01.01.2025 -"
"77","Nägeli","Willy","SVP","Tätigkeit in Führungs- und Aufsichtsgremien in- und ausländischer Unternehmen, Anstalten, Stiftungen des privaten und öffentlichen Rechtes","EKT Holding AG, Arbon: Verwaltungsrat, Vizepräsident.","01.01.2025 -"
"351","Wenger","Andreas","FDP","Tätigkeit in Führungs- und Aufsichtsgremien in- und ausländischer Unternehmen, Anstalten, Stiftungen des privaten und öffentlichen Rechtes","Gemeinschafts-Antennenanlage Diessenhofen AG, DAG Diessenhofen: Verwaltungsrat, Mitglied.","01.01.2025 -"
"351","Wenger","Andreas","FDP","Ausübung wichtiger politischer Ämter (ausserhalb des Grossen Rates)","PG Diessenhofen: Vize-Stadtpräsident, Stadtrat","01.01.2025 -"
"364","Merz-Helg","Petra","Die Mitte/EVP","Tätigkeit in Führungs- und Aufsichtsgremien in- und ausländischer Unternehmen, Anstalten, Stiftungen des privaten und öffentlichen Rechtes","jung & aktiv: Vorstand, Mitglied.","01.01.2025 -"
"364","Merz-Helg","Petra","Die Mitte/EVP","Ausübung wichtiger politischer Ämter (ausserhalb des Grossen Rates)","PG Weinfelden: Stadtparlament, Mitglied; JCVP Thurgau: Vorstand, Vizepräsidentin","01.01.2025 -"
"372","Schäfer","Jorim","GLP","Ausübung wichtiger politischer Ämter (ausserhalb des Grossen Rates)","PG Bischofszell: Stadtrat, Mitglied; VTG Weinfelden: Sportkommission, Mitglied; Kulthurpool Aach-Sitter-Thur: Vorstand, Präsident; GLP Bischofszell und Umgebung: Vorstand, Präsident; GLP Kanton TG: Delegierter","01.01.2025 -"
"6","Baumann","Kurt","SVP","Tätigkeit in Führungs- und Aufsichtsgremien in- und ausländischer Unternehmen, Anstalten, Stiftungen des privaten und öffentlichen Rechtes","Zweckverband Abfallverwertung ZAB, Bazenheid: Verwaltungsrat, Präsident; Murgstiftung, Littenheid: Stiftungsrat, Mitglied; Sortierwerk Bazenheid AG Sobag, Bazenheid: Verwaltungsrat, Mitglied; RBI Management AG, Müllheim: Verwaltungsrat, Mitglied","01.01.2025 -"
"6","Baumann","Kurt","SVP","Ausübung wichtiger politischer Ämter (ausserhalb des Grossen Rates)","Kommission Thurgau Gesundheit: Vorstand, Mitglied","01.01.2025 -"
"70","Müller","Gallus","Die Mitte/EVP","Tätigkeit in Führungs- und Aufsichtsgremien in- und ausländischer Unternehmen, Anstalten, Stiftungen des privaten und öffentlichen Rechtes","Müller Bauingenieur AG, Guntershausen: Verwaltungsrat, Präsident.","01.01.2025 -"
"70","Müller","Gallus","Die Mitte/EVP","Ausübung wichtiger politischer Ämter (ausserhalb des Grossen Rates)","CVP Thurgau: Vorstand, Präsident; CVP Aadorf: Vorstand, Präsident","01.01.2025 -"
"389","Hanhart-Hugentobler","Erika","GRÜNE","Ausübung wichtiger politischer Ämter (ausserhalb des Grossen Rates)","Grüne Partei Schweiz, Vorstand, Mitglied; Grüne Partei Thurgau, Vorstand Mitglied.","01.01.2025 -"
"277","Zürcher","Katharina","Die Mitte/EVP","Tätigkeit in Führungs- und Aufsichtsgremien in- und ausländischer Unternehmen, Anstalten, Stiftungen des privaten und öffentlichen Rechtes","Lungenliga TG, Weinfelden: Vorstand, Mitglied.","01.01.2025 -"
"252","Fisch","Ueli","GLP","Tätigkeit in Führungs- und Aufsichtsgremien in- und ausländischer Unternehmen, Anstalten, Stiftungen des privaten und öffentlichen Rechtes","Wederundgut AG, Frauenfeld: Verwaltungsrat, Mitglied; fischtextiles gmbh, Frauenfeld: Geschäftsleitung, Geschäftsführer;  USF Holding AG, Winterthur: Verwaltungsrat, Präsident; Wenatex AG, Uster: Verwaltungsrat, Mitglied.","01.01.2025 -"
"216","Kappeler","Toni","GRÜNE","Tätigkeit in Führungs- und Aufsichtsgremien in- und ausländischer Unternehmen, Anstalten, Stiftungen des privaten und öffentlichen Rechtes","Pro Natura TG, Münchwilen: Vorstand, Präsident.","01.01.2025 -"
"118","Vögeli","Max","FDP","Tätigkeit in Führungs- und Aufsichtsgremien in- und ausländischer Unternehmen, Anstalten, Stiftungen des privaten und öffentlichen Rechtes","KVA Thurgau, Weinfelden: Verwaltungsrat, Mitglied; Technische Betriebe Weinfelden AG: Verwaltungsrat, Mitglied; Abwasserverband Mittelthurgau: Verwaltungsrat, Präsident; Pro Senectute Thurgau: Stiftungsrat, Mitglied; Stiftung Zentrum für Musik und Tanz, Weinfelden: Stiftungsrat, Mitglied; Messen Weinfelden: Verwaltungsrat, Mitglied; Abraxas Informatik AG, St. Gallen: Verwaltungsrat, Mitglied.","01.01.2025 -"
"118","Vögeli","Max","FDP","Ausübung wichtiger politischer Ämter (ausserhalb des Grossen Rates)","PG Weinfelden: Stadtpräsident","01.01.2025 -"
"320","Schläfli","Nina","SP und Gew.","Ausübung wichtiger politischer Ämter (ausserhalb des Grossen Rates)","SP Thurgau: Vorstand, Präsidentin; Kantonsschule Romanshorn: Beirat, Mitglied; Kulturkommission Kreuzlingen: Mitglied.","01.01.2025 -"
"326","Zecchinel","Cornelia","FDP","Tätigkeit in Führungs- und Aufsichtsgremien in- und ausländischer Unternehmen, Anstalten, Stiftungen des privaten und öffentlichen Rechtes","Agromarketing Thurgau AG, Salenstein: Verwaltungsrat, Mitglied; Zecchinel Immobilien AG, Tägerwilen: Verwaltungsrat, Mitglied; Bürgergemeinde Kreuzlingen: Verwaltungsrat, Präsidentin; Pro Forst, Kreuzlingen: Vorstand, Mitglied; Revierkörperschaft Kreuzlingen: Vorstand, Mitglied; SRG Ostschweiz, St. Gallen: Vorstand, Mitglied.","01.01.2025 -"
"326","Zecchinel","Cornelia","FDP","Ausübung wichtiger politischer Ämter (ausserhalb des Grossen Rates)","Kulturkommission Kanton Thurgau: Mitglied","01.01.2025 -"
"294","Haller","Hansjörg","Die Mitte/EVP","Tätigkeit in Führungs- und Aufsichtsgremien in- und ausländischer Unternehmen, Anstalten, Stiftungen des privaten und öffentlichen Rechtes","Verein Mülibach, Dussnang: Vorstand, int. Aufsicht.","01.01.2025 -"
"294","Haller","Hansjörg","Die Mitte/EVP","Ausübung wichtiger politischer Ämter (ausserhalb des Grossen Rates)","EVP Schweiz: Vorstand, Mitglied","01.01.2025 -"
"322","Schmid","Pascal","SVP","Tätigkeit in Führungs- und Aufsichtsgremien in- und ausländischer Unternehmen, Anstalten, Stiftungen des privaten und öffentlichen Rechtes","Muri Partner Rechtsanwälte AG: Verwaltungsrat

meinThurgau AG: Verwaltungsrat

Alterszentrum Bussnang: Stiftungsrat

HEV Thurgau: Vizepräsident

HEV Region Weinfelden, Weinfelden: Präsident 

Verband Kantonspolizei Thurgau, Frauenfeld: Vorstand, Präsident

Stiftung Sterbekasse Kantonspolizei Thurgau: Präsident Stiftungsrat","01.01.2025 -"
"322","Schmid","Pascal","SVP","Ausübung wichtiger politischer Ämter (ausserhalb des Grossen Rates)","SVP Schweiz: Vorstand; SVP Thurgau: Vorstand, Mitglied; SVP Bezirk Weinfelden: Vorstand, Mitglied, SVP Weinfelden: Vorstand, Mitglied","01.01.2025 -"
"202","Meyer","Robert","GLP","Tätigkeit in Führungs- und Aufsichtsgremien in- und ausländischer Unternehmen, Anstalten, Stiftungen des privaten und öffentlichen Rechtes","Genossenschaft REGI die Neue, Sirnach: Verwaltungsrat, Mitglied.","01.01.2025 -"
"202","Meyer","Robert","GLP","Ausübung wichtiger politischer Ämter (ausserhalb des Grossen Rates)","Grünliberale Partei Thurgau: Vorstand, Präsident;

glp Schweiz: Vorstand, Mitglied","01.01.2025 -"
"132","Wiesmann Schätzle","Sonja","SP und Gew.","Tätigkeit in Führungs- und Aufsichtsgremien in- und ausländischer Unternehmen, Anstalten, Stiftungen des privaten und öffentlichen Rechtes","Verein Integrationsförderung Bezirk Weinfelden: Vorstand, Präsidium","01.01.2025 -"
"132","Wiesmann Schätzle","Sonja","SP und Gew.","Ausübung wichtiger politischer Ämter (ausserhalb des Grossen Rates)","PG Wigoltingen: Gemeindepräsidentin","01.01.2025 -"
"271","Schrepfer","Urs","SVP","Tätigkeit in Führungs- und Aufsichtsgremien in- und ausländischer Unternehmen, Anstalten, Stiftungen des privaten und öffentlichen Rechtes","PHTG, Kreuzlingen: Hochschulrat, Migtlied; VTGS Amriswil: Vorstand, Mitglied.","01.01.2025 -"
"271","Schrepfer","Urs","SVP","Ausübung wichtiger politischer Ämter (ausserhalb des Grossen Rates)","Schulkommission Sirnach: Präsident; PG Sirnach: Gemeinderat, Mitglied","01.01.2025 -"
"276","Wüst-Singer","Iwan","","Tätigkeit in Führungs- und Aufsichtsgremien in- und ausländischer Unternehmen, Anstalten, Stiftungen des privaten und öffentlichen Rechtes","Kinderheim Selam, Pfungen: Vorstand, Präsident; Regio Wil, Wil: Vorstand, Mitglied; EDU TG, Zufen: Vorstand, Mitglied.","01.01.2025 -"
"319","Scherrer","Egon","SVP","Ausübung wichtiger politischer Ämter (ausserhalb des Grossen Rates)","SVP Egnach: Vorstand, Präsident","01.01.2025 -"
"128","Zahnd","Robert","SVP","Tätigkeit in Führungs- und Aufsichtsgremien in- und ausländischer Unternehmen, Anstalten, Stiftungen des privaten und öffentlichen Rechtes","Forest AG, Stettfurt: Verwaltungsrat, Mitglied.","01.01.2025 -"
"55","Knöpfli","Walter","SVP","Tätigkeit in Führungs- und Aufsichtsgremien in- und ausländischer Unternehmen, Anstalten, Stiftungen des privaten und öffentlichen Rechtes","Landi Region, Kesswil: Vorstand, Präsident; Waldkoorporation, Kesswil: Vorstand, Kassier; Hans Knöpfli Stiftung, Kesswil; Stiftungsrat, Mitglied; Löwaro AG, Kesswil: Verwaltungsrat, Präsident; Knöpflihof GmbH Kesswil: Geschäftsführer.","01.01.2025 -"
"14","Brunner","Max","SVP","Ausübung wichtiger politischer Ämter (ausserhalb des Grossen Rates)","PG Weinfelden: Stadtparlament, Mitglied","01.01.2025 -"
"368","Pfiffner Müller","Martina","FDP","Tätigkeit in Führungs- und Aufsichtsgremien in- und ausländischer Unternehmen, Anstalten, Stiftungen des privaten und öffentlichen Rechtes","Pfiffner Beratung GmbH: Geschäftsführerin, Inhaberin; Beratungsnetzwerk Rocketworks: Mitgründerin.","01.01.2025 -"
"368","Pfiffner Müller","Martina","FDP","Ausübung wichtiger politischer Ämter (ausserhalb des Grossen Rates)","FDP Thurgau, Vorstand, Vizepräsidium; ThurgauerGewerbeverein: Vorstand Mitglied; Gewerbeverein der Region Frauenfeld: Vorstand, Vizepräsidium; Kommission für Gesundheitsförderung, Prävention und Sucht: Mitglied; Forum Betriebliches Gesundheitsmanagement: Vorstand Mitglied.","01.01.2025 -"
"102","Stokholm","Anders","FDP","Tätigkeit in Führungs- und Aufsichtsgremien in- und ausländischer Unternehmen, Anstalten, Stiftungen des privaten und öffentlichen Rechtes","Stiftung Wohnheim Sonnenrain, Zihlschlacht: Stiftungsrat, Mitglied;

Pensionskasse Frauenfeld, Frauenfeld: Stiftungsrat, Mitglied;

Kulturstiftung des Kantons Thurgau, Frauenfeld: Stiftungsrat, Präsident","01.01.2025 -"
"102","Stokholm","Anders","FDP","Ausübung wichtiger politischer Ämter (ausserhalb des Grossen Rates)","PG Frauenfeld: Stadtrat, Präsident;

FDP Thurgau: Vorstand, Mitglied;

Schweizerischer Städteverband: Vorstand, Präsident;

Metropolitanrat Metoropolitanregion Zürich: Vorstand, Präsident.","01.01.2025 -"
"335","Pagnoncini","Christina","GLP","Tätigkeit in Führungs- und Aufsichtsgremien in- und ausländischer Unternehmen, Anstalten, Stiftungen des privaten und öffentlichen Rechtes","Regionalplanungsgruppe Kreuzlingen: Vorstand, Mitglied.","01.01.2025 -"
"335","Pagnoncini","Christina","GLP","Ausübung wichtiger politischer Ämter (ausserhalb des Grossen Rates)","PG Kemmental: Gemeindepräsidentin","01.01.2025 -"
"313","Kuhn","Petra","SVP","Tätigkeit in Führungs- und Aufsichtsgremien in- und ausländischer Unternehmen, Anstalten, Stiftungen des privaten und öffentlichen Rechtes","WEGA Messe AG, Weinfelden: Verwaltungsrat, Mitglied; Kompetenz-Zentrum Erneuerbare Energie-Systeme Thurgau KEEST, Münchwilen: Vorstand, Mitglied.","01.01.2025 -"
"313","Kuhn","Petra","SVP","Ausübung wichtiger politischer Ämter (ausserhalb des Grossen Rates)","SVP Bezirk Kreuzlingen: Vorstand, Mitglied; SVP Tägerwilen: Vorstand, Mitglied","01.01.2025 -"
"299","Kaufmann","Brigitte","FDP","Tätigkeit in Führungs- und Aufsichtsgremien in- und ausländischer Unternehmen, Anstalten, Stiftungen des privaten und öffentlichen Rechtes","EKT Energiestiftung: Mitglied; Berufsfachschulkommission Bildungszentrum für Wirtschaft Weinfelden: Präsidentin","01.01.2025 -"
"441","Abegg","Freddy ","FDP","Ausübung wichtiger politischer Ämter (ausserhalb des Grossen Rates)","Gastro Thurgau: Vizepräsident","01.01.2025 -"
"321","Stark","Hans","SVP","Ausübung wichtiger politischer Ämter (ausserhalb des Grossen Rates)","PG Kradolf-Schönenberg: Gemeinderat, Mitglied","01.01.2025 -"
"383","Stähelin","Beda","Die Mitte/EVP","Tätigkeit in Führungs- und Aufsichtsgremien in- und ausländischer Unternehmen, Anstalten, Stiftungen des privaten und öffentlichen Rechtes","Thurgauer Gewerbeverband (TGV): Vorstand, Mitglied;

Genossenschaft Pressverein Frauenfeld, Frauenfeld: Vorstand, Mitglied;

AWG Thurgau, Tägerwilen: Vorstand, Mitglied; 

Gebra AG, Kreuzlingen: Verwaltungsrat, Mitglied","01.01.2025 -"
"383","Stähelin","Beda","Die Mitte/EVP","Ausübung wichtiger politischer Ämter (ausserhalb des Grossen Rates)","PG Frauenfeld: Gemeinderat, Mitglied;

Die Mitte Stadt Frauenfeld: Vorstand, Präsident; 

Die Mitte Bezirk Frauenfeld: Vorstand, Mitglied","01.01.2025 -"
"341","Wolfer","Simon","Die Mitte/EVP","Tätigkeit in Führungs- und Aufsichtsgremien in- und ausländischer Unternehmen, Anstalten, Stiftungen des privaten und öffentlichen Rechtes","Technische Betriebe Weinfelden AG, Weinfelden: Verwaltungsrat, Mitglied; 

Pädagogische Hochschule Thurgau, Kreuzlingen: Hochschulrat, Mitglied; 

Stiftung Zentrum für Musik und Tanz, Weinfelden: Stiftungsrat, Mitglied;

Abwasserverband Mittelthurgau, Weinfelden: Verwaltungsrat, Präsident","01.01.2025 -"
"341","Wolfer","Simon","Die Mitte/EVP","Ausübung wichtiger politischer Ämter (ausserhalb des Grossen Rates)","PG Weinfelden: Stadtpräsident","01.01.2025 -"
"209","Zbinden","Ruedi","SVP","Tätigkeit in Führungs- und Aufsichtsgremien in- und ausländischer Unternehmen, Anstalten, Stiftungen des privaten und öffentlichen Rechtes","Alterszentrum Bussnang: Stiftungsrat, Präsident.","01.01.2025 -"
"209","Zbinden","Ruedi","SVP","Ausübung wichtiger politischer Ämter (ausserhalb des Grossen Rates)","PG Bussnang: Gemeindepräsident","01.01.2025 -"
"408","Brüllmann","Markus","SP und Gew.","Tätigkeit in Führungs- und Aufsichtsgremien in- und ausländischer Unternehmen, Anstalten, Stiftungen des privaten und öffentlichen Rechtes","Genossenschaft Alterszentrum Kreuzlingen, Vorstand; 

Mahlzeitendienst See, Delegierter; 

Spitex Region Kreuzlingen, Delegierter","01.01.2025 -"
"408","Brüllmann","Markus","SP und Gew.","Ausübung wichtiger politischer Ämter (ausserhalb des Grossen Rates)","PG Kreuzlingen: Stadtrat; 

SP Kreuzlingen: Vorstand","01.01.2025 -"
"340","Nafzger","Martin","SP und Gew.","Tätigkeit in Führungs- und Aufsichtsgremien in- und ausländischer Unternehmen, Anstalten, Stiftungen des privaten und öffentlichen Rechtes","Nafzger Gartenbau AG, Romanshorn: Verwaltungsrat, Präsident.","01.01.2025 -"
"340","Nafzger","Martin","SP und Gew.","Ausübung wichtiger politischer Ämter (ausserhalb des Grossen Rates)","Stadt Romanshorn: Rechnungsprüfungskommission, Mitglied","01.01.2025 -"
"404","Schmidiger","Ciril","SVP","Tätigkeit in Führungs- und Aufsichtsgremien in- und ausländischer Unternehmen, Anstalten, Stiftungen des privaten und öffentlichen Rechtes","Wasserversorgung Region Kreuzlingen: Vorstand, Vizepräsident. Abwasserzweckverband Münsterlingen: Vorstand, Vizepräsident. Verein Kombinierte Mobilität Regio Kreuzlingen: Vorstand, Mitglied. Regionalplanungsgruppe Kreuzlingen: Vorstand, Mitglied.","01.01.2025 -"
"404","Schmidiger","Ciril","SVP","Ausübung wichtiger politischer Ämter (ausserhalb des Grossen Rates)","Gemeindepräsident politische Gemeinde Lengwil","01.01.2025 -"
"375","Wattinger","Ralph","SVP","Ausübung wichtiger politischer Ämter (ausserhalb des Grossen Rates)","PG Roggwil: Geschäfts- und Rechnungsprüfungs-kommission, Mitglied; SVP Roggwil: Vorstand, Präsident","01.01.2025 -"
"255","Guhl","Andreas","Die Mitte/EVP","Tätigkeit in Führungs- und Aufsichtsgremien in- und ausländischer Unternehmen, Anstalten, Stiftungen des privaten und öffentlichen Rechtes","Lignum Ost: Vorstandsmitglied;
Thurrat (Mitwirkung Thur3): Mitglied;
Gemeinde Bussnang: Vizepräsident Gemeinderat","01.01.2025 -"
"255","Guhl","Andreas","Die Mitte/EVP","Ausübung wichtiger politischer Ämter (ausserhalb des Grossen Rates)","Präsident, WaldThurgau (Verband Waldeigentümer)","01.01.2025 -"
"249","Dransfeld","Peter","GRÜNE","Tätigkeit in Führungs- und Aufsichtsgremien in- und ausländischer Unternehmen, Anstalten, Stiftungen des privaten und öffentlichen Rechtes","dransfeldarchitekten ag, Ermatingen: Verwaltungsrat, Präsident; 

Männerchor Ermatingen: Präsident;

Musikgesellschaft Ermatingen: Ehrenmitglied;

Schweizerischer Sonnenenergie-Verband SWISSOLAR: Ehrenmitglied;

Grüne Partei, Bezirk Kreuzlingen: Vorstand","01.01.2025 -"
"360","Keller","Heinz","SVP","Tätigkeit in Führungs- und Aufsichtsgremien in- und ausländischer Unternehmen, Anstalten, Stiftungen des privaten und öffentlichen Rechtes","Überbauung Palme AG, Schönenberg: Verwaltungsrat, Mitglied; Denkmal Stiftung Thurgau, Schönenberg: Stiftungsrat, Vizepräsident.","01.01.2025 -"
"360","Keller","Heinz","SVP","Ausübung wichtiger politischer Ämter (ausserhalb des Grossen Rates)","PG Kradolf-Schönenberg: Gemeinderat, Präsident","01.01.2025 -"
"436","Wohlrab","Attila","FDP","Tätigkeit in Führungs- und Aufsichtsgremien in- und ausländischer Unternehmen, Anstalten, Stiftungen des privaten und öffentlichen Rechtes","Präsident, Verwaltungsrat: Immokanzlei AG, Kreuzlingen

Geschäftsführer, Gesellschafter: Euregio Inkasso Gmbh, Frauenfeld","01.01.2025 -"
"436","Wohlrab","Attila","FDP","Ausübung wichtiger politischer Ämter (ausserhalb des Grossen Rates)","Präsident, AGV Kreuzlingen und Umgebung

Vorstand, IHK Thurgau","01.01.2025 -"
"393","Fäsi","Christina ","Die Mitte/EVP","Tätigkeit in Führungs- und Aufsichtsgremien in- und ausländischer Unternehmen, Anstalten, Stiftungen des privaten und öffentlichen Rechtes","Alzheimer Thurgau, Weinfelden: Vorstand, Mitglied; 

Spitex Kreuzlingen: Pflegefachfrau","01.01.2025 -"
"309","Heeb","Hanspeter","GLP","Ausübung wichtiger politischer Ämter (ausserhalb des Grossen Rates)","Primarschulbehörde Romanshorn: Präsidium; Evangelische Landeskirche Thurgau: Kirchenrat, Mitglied","01.01.2025 -"
"424","Martin","Roger","Die Mitte/EVP","Tätigkeit in Führungs- und Aufsichtsgremien in- und ausländischer Unternehmen, Anstalten, Stiftungen des privaten und öffentlichen Rechtes","Mitglied, Verwaltungsrat: Regiotherm AG, Romanshorn

Präsident, Stiftungsrat: Stiftung historisches Bahn-Ensemble, Romanshorn

Mitglied, Vorstand: Verein internationales Bodensee Schifffahrtsmuseum Hohentwiel, Horn","01.01.2025 -"
"424","Martin","Roger","Die Mitte/EVP","Ausübung wichtiger politischer Ämter (ausserhalb des Grossen Rates)","Vorstandsmitglied, Regio Appenzell-St.Gallen-Bodensee

Präsident, Regionalplanungsgruppe Oberthurgau","01.01.2025 -"
"350","Häberli","Jürgen","SVP","Ausübung wichtiger politischer Ämter (ausserhalb des Grossen Rates)","PG Münsterlingen: Gemeinderat, Vizepräsident","01.01.2025 -"
"318","Schenk","Peter","EDU/Aufrecht","Tätigkeit in Führungs- und Aufsichtsgremien in- und ausländischer Unternehmen, Anstalten, Stiftungen des privaten und öffentlichen Rechtes","Schenk AG, Heldswil: Verwaltungsrat, Präsident; HolzPower Wärmverbund GmbH: Gesellschafter; Riguzzi Grosszerspanung AG, Amriswil: Verwaltungsrat, Mitglied; Kreis Gewässerraumpflege GmbH, Weinfelden: Geschäftsführer; TPS Trenchless Piging Systems AG: Verwaltungsrat, Präsident.","01.01.2025 -"
"244","Koch","Paul","SVP","Tätigkeit in Führungs- und Aufsichtsgremien in- und ausländischer Unternehmen, Anstalten, Stiftungen des privaten und öffentlichen Rechtes","Lignum Ost, Weinfelden: Geschäftsleitung, Präsident.","01.01.2025 -"
"354","Braun","Bernhard","GRÜNE","Tätigkeit in Führungs- und Aufsichtsgremien in- und ausländischer Unternehmen, Anstalten, Stiftungen des privaten und öffentlichen Rechtes","Stiftung mech. Werkstätte Wiesental, Eschlikon: Stiftungsrat, Mitglied; 

Thurgie AG, Verwaltungsrat, Mitglied; 

ARA Lützelmurg, Aadorf: Betriebskommission, Mitglied; 

Regio Wil, Wil SG: Fachgruppe Mobilität, Präsident;

Regio Wil, Wil SG: Vorstand, Mitglied","01.01.2025 -"
"354","Braun","Bernhard","GRÜNE","Ausübung wichtiger politischer Ämter (ausserhalb des Grossen Rates)","PG Eschlikon: Gemeindepräsident","01.01.2025 -"
"251","Feuz","Hans","Die Mitte/EVP","Tätigkeit in Führungs- und Aufsichtsgremien in- und ausländischer Unternehmen, Anstalten, Stiftungen des privaten und öffentlichen Rechtes","Feuzwohnwerk: Inhaber;","01.01.2025 -"
"251","Feuz","Hans","Die Mitte/EVP","Ausübung wichtiger politischer Ämter (ausserhalb des Grossen Rates)","PG Altnau: Gemeindepräsident","01.01.2025 -"
"333","Regli","Christoph","Die Mitte/EVP","Tätigkeit in Führungs- und Aufsichtsgremien in- und ausländischer Unternehmen, Anstalten, Stiftungen des privaten und öffentlichen Rechtes","Credit Suisse, Frauenfeld: Direktion, Mitglied.","01.01.2025 -"
"333","Regli","Christoph","Die Mitte/EVP","Ausübung wichtiger politischer Ämter (ausserhalb des Grossen Rates)","PG Frauenfeld: Gemeinderat, Mitglied; CVP Frauenfeld: Vorstand, Mitglied","01.01.2025 -"
"386","Meier","Felix","SP und Gew.","Tätigkeit in Führungs- und Aufsichtsgremien in- und ausländischer Unternehmen, Anstalten, Stiftungen des privaten und öffentlichen Rechtes","Regionales Pflegeheim, Romanshorn: Betriebskommission, Mitglied.","01.01.2025 -"
"386","Meier","Felix","SP und Gew.","Ausübung wichtiger politischer Ämter (ausserhalb des Grossen Rates)","PG Romanshorn: Einbürgerungskommission, Präsidium","01.01.2025 -"
"421","Kradolfer","Dean","FDP","Tätigkeit in Führungs- und Aufsichtsgremien in- und ausländischer Unternehmen, Anstalten, Stiftungen des privaten und öffentlichen Rechtes","Mitglied, Stiftungsrat: Elisabeth Ullmann Stiftung, Weinfelden

Mitglied, Vorstand: Hauseigentümerverband Region Amriswil, Amriswil

Mitglied, Verwaltungsrat: Hess Management AG, Amriswil

Mitglied, Stiftungsrat: Stiftung Kulturforum Amriswil, Amriswil

Mitglied, Stiftungsrat: Stiftung Schulmuseum Mühlebach in Amriswil, Amriswil","01.01.2025 -"
"397","Walzthöny","Gabriel","Die Mitte/EVP","Tätigkeit in Führungs- und Aufsichtsgremien in- und ausländischer Unternehmen, Anstalten, Stiftungen des privaten und öffentlichen Rechtes","Büchler AG, Niederuzwil: Verwaltungsrates

VID AG, Niederuzwil: Verwaltungsrat

Walzthöny AG, Sirnach: Präsident Verwaltungsrat

GMW Projekt AG, Sirnach: Verwaltungsrat

SWB Projekt AG, Niederuzwil: Verwaltungsrat","01.01.2025 -"
"397","Walzthöny","Gabriel","Die Mitte/EVP","Ausübung wichtiger politischer Ämter (ausserhalb des Grossen Rates)","Schulkommission Sirnach, Viezpräsident","01.01.2025 -"
"317","Rüedi","Beat","FDP","Tätigkeit in Führungs- und Aufsichtsgremien in- und ausländischer Unternehmen, Anstalten, Stiftungen des privaten und öffentlichen Rechtes","ELAG Holding AG, Kreuzlingen: Verwaltungsrat, Mitglied; ABR Holding AG, Kreuzlingen: Verwaltungsrat, Mitglied; Lang Energie AG, Kreuzlingen: Verwaltungsrat, Präsident; Auto Lang AG, Kreuzlingen: Verwaltungsrat, Präsident; J. Debrunner AG, Ermatingen: Verwaltungsrat, Präsident; LBT BioTec GmbH, Ochsenfurt(D): Geschäftsführung, Mitglied; Solida AG, Kreuzlingen: Verwaltungsrat, Präsident; Solida Logistik AG, Kreuzlingen: Verwaltungsrat, Präsident; Dombrova Holding AG, Zug: Verwaltungsrat, Mitglied; sogedes.digital AG, Herisau: Verwaltungsrat, Mitglied; Stiftung Rosenegg, Kreuzlingen: Stiftungsrat, Mitglied; Hans u. Anna Hahn-Schüeb-Stiftung, Kreuzlingen: Stiftungsrat, Mitglied; Lilli u. Willi Schuler-Stiftung, Kreuzlingen: Stiftungsrat, Präsident; Nägeli's Erben AG, Altnau: Verwaltungsrat, Präsident; Wohnbaugenossenschaft Region Kreuzlingen, Kreuzlingen: Vorstand, Mitglied; Stiftung Drachenburg und Waaghaus, Gottlieben: Stiftungsrat, Mitglied; Osterwalder Zürich AG, Zürich: Verwaltungsrat, Präsident; ZUMAC AG, Frauenfeld: Verwaltungsrat, Mitglied; Automobile Diethelm AG, Amriswil: Verwaltungsrat, Vizepräsident.","01.01.2025 -"
"388","Birk","Markus","SP und Gew.","Tätigkeit in Führungs- und Aufsichtsgremien in- und ausländischer Unternehmen, Anstalten, Stiftungen des privaten und öffentlichen Rechtes","Carl&Margrit Roesch-Stiftung, Diessenhofen: Stiftungsrat, Mitglied; 

Glasfaserkabelnetz AG, Diessenhofen: Verwaltungsrat, Präsident; 

Klärschlammverwertungs AG Thurgau, Weinfelden: Verwaltungsrat, Präsident;

Altersheim Vogelsang, Diessenhofen: Stiftungsrat, Mitglied; 

Zukunft Thurgau, Weinfelden: Stiftungsrat, Präsident; 

Regionale Berufsbeistandschaft Thurgau Nordwest, Steckborn: Ausschuss, Mitglied; 

Spitexverband Thurgau: Vorstand, Vizepräsident; 

Spitexverband Schweiz: Vorstand, Mitglied; 

Agglomerationsverein Schaffhausen: Vorstand, Mitglied; 

Regionalkonferenz Zürich Nordost: Mitglied; 

Abwasserzweckverband Region Diessenhofen: Vorstand, Präsident; 

Heeresstab der Armee (aktiv): Oberst, Chef Genie","01.01.2025 -"
"388","Birk","Markus","SP und Gew.","Ausübung wichtiger politischer Ämter (ausserhalb des Grossen Rates)","PG Diessenhofen: Stadtpräsident; 

Schlichtungsbehörde Diessenhofen: Mitglied","01.01.2025 -"
"400","Sigg","Alexander","GLP","Tätigkeit in Führungs- und Aufsichtsgremien in- und ausländischer Unternehmen, Anstalten, Stiftungen des privaten und öffentlichen Rechtes","SIGG Immobilien Treuhand AG: Eschlikon; Verwaltungsrat-Präsident","01.01.2025 -"
"400","Sigg","Alexander","GLP","Ausübung wichtiger politischer Ämter (ausserhalb des Grossen Rates)","GLP Bezirk Münchwilen: Vorstand-Kassier","01.01.2025 -"
"97","Senn","Norbert","Die Mitte/EVP","Tätigkeit in Führungs- und Aufsichtsgremien in- und ausländischer Unternehmen, Anstalten, Stiftungen des privaten und öffentlichen Rechtes","FC St. Gallen 1879, St. Gallen: Vorstand, Mitglied; 

Fussball Nachwuchs Akademie Ostschweiz, St. Gallen: Stiftungsrat, Vizepräsident;

Swiss Football League, Bern: Transferkommission, Mitglied.","01.01.2025 -"
"97","Senn","Norbert","Die Mitte/EVP","Ausübung wichtiger politischer Ämter (ausserhalb des Grossen Rates)","Die Mitte Romanshorn: Vorstand, Mitglied;

Die Mitte Bezirk Arbon: Vorstand, Mitglied","01.01.2025 -"
"357","Dietz","Mathias","Die Mitte/EVP","Tätigkeit in Führungs- und Aufsichtsgremien in- und ausländischer Unternehmen, Anstalten, Stiftungen des privaten und öffentlichen Rechtes","Verein für Jugend, Aadorf: Vorstand, Mitglied;

Evang. Kirchgemeinde Aadorf-Aawangen: Kirchenvorsteherschaft, Mitglied;

Interkantonale Begleitkommission Kantonsschule Wil (IBKW), Mitglied","01.01.2025 -"
"357","Dietz","Mathias","Die Mitte/EVP","Ausübung wichtiger politischer Ämter (ausserhalb des Grossen Rates)","EVP Münchwilen: Vorstand, Präsident","01.01.2025 -"
"385","Stadler","Sandra","Die Mitte/EVP","Tätigkeit in Führungs- und Aufsichtsgremien in- und ausländischer Unternehmen, Anstalten, Stiftungen des privaten und öffentlichen Rechtes","Verein Sozialpsychiatrie Thurgau: Vorstand, Präsidentin; 
Mieterschlichtungsbehörde Münsterlingen, Behörde, Mitglied;
RehaEx Güttingen, Vorstand, Mitglied;
Mint4kids Thurgau, Präsidentin ","01.01.2025 -"
"385","Stadler","Sandra","Die Mitte/EVP","Ausübung wichtiger politischer Ämter (ausserhalb des Grossen Rates)","Die Mitte Thurgau, Vorstand, Präsidentin; Die Mitte Schweiz: Delegierte.","01.01.2025 -"
"387","Stricker","Christian","Die Mitte/EVP","Ausübung wichtiger politischer Ämter (ausserhalb des Grossen Rates)","EVP Thurgau, Parteileitung, Mitgleid.","01.01.2025 -"
"438","Bürgi","Markus","FDP","Tätigkeit in Führungs- und Aufsichtsgremien in- und ausländischer Unternehmen, Anstalten, Stiftungen des privaten und öffentlichen Rechtes","Tschanen AG Bauunternehmung, Müllheim: Verwaltungsrat, Präsident;
Tschanen Visionen AG, Müllheim: Verwaltungsrat, Präsident;
Tschanen Holding AG, Müllheim: Verwaltungsrat, Präsident;
Prematic AG, Affeltrangen: Verwaltungsrat, Mitglied;
Prematic Immobilien AG, Affeltrangen: Verwaltungsrat, Mitglied;
Prematic Holding AG, Affeltrangen: Verwaltungsrat, Mitglied;
LST Energie AG, Stettfurt: Verwaltungsrat, Mitglied;
Swiss Sliding, Glarus Nord: Verbands-Einzelgericht, Einzelrichter;
Verband Thurgauer Gemeinden, Weinfelden: Vorstand, Mitglied;
Zweckverband Feuerwehr Matzingen-Stettfurt, Matzingen: Kommission, Präsident;
Zivilschutzorganisation Bezirk Frauenfeld, Frauenfeld: Vizepräsident;
Novathur AG, Weinfelden: Verwaltungsrat, Präsident,
Langfeld AG, Frauenfeld: Verwaltungsrat, Mitglied","01.01.2025 -"
"438","Bürgi","Markus","FDP","Ausübung wichtiger politischer Ämter (ausserhalb des Grossen Rates)","PG Stettfurt: Gemeindepräsident","01.01.2025 -"
"207","Vetterli","Daniel","SVP","Tätigkeit in Führungs- und Aufsichtsgremien in- und ausländischer Unternehmen, Anstalten, Stiftungen des privaten und öffentlichen Rechtes","Verband Thurgauer Landwirtschaft (VTL): Vorstand, Mitglied

Thurgauer Milchproduzenten: Vorstand, Präsident","01.01.2025 -"
"211","Zuber","Andreas","SVP","Tätigkeit in Führungs- und Aufsichtsgremien in- und ausländischer Unternehmen, Anstalten, Stiftungen des privaten und öffentlichen Rechtes","Stiftung Zentrum für Musik und Tanz, Weinfelden: Stiftungsrat, Mitglied.","01.01.2025 -"
"211","Zuber","Andreas","SVP","Ausübung wichtiger politischer Ämter (ausserhalb des Grossen Rates)","SVP Ortspartei Märstetten: Präsident

SVP Bezirk Weinfelden: Vorstand, Präsident; 

SVP TG: Geschäftsleitung, Vorstand, Mitglied","01.01.2025 -"
"392","Siegenthaler","Patrick","Die Mitte/EVP","Tätigkeit in Führungs- und Aufsichtsgremien in- und ausländischer Unternehmen, Anstalten, Stiftungen des privaten und öffentlichen Rechtes","CM Informatik AG, Schwerzenbach: Mitinhaber, Geschäftsleitung;
Wärmeverbund Oberdorf GmbH, Herdern: Geschäftsführer;
Campus Software AG, Schwerzenbach: Verwaltungsratsmitglied;
Klapp GmbH, Fislisbach: Geschäftsleitung;
Arbeitsgemeinschaft Wirtschaft und Gesellschaft (AWG) Thurgau: Präsident;
Gewerbeverband Thurgau (TGV): Mitglied Vorstand;
Solar Strom Pool Thurgau: Mitglied Vorstand;
HEV Steckborn: Mitglied Vorstand;
Sekundarschule Hüttwilen: Mitglied RPK","01.01.2025 -"
"392","Siegenthaler","Patrick","Die Mitte/EVP","Ausübung wichtiger politischer Ämter (ausserhalb des Grossen Rates)","Die Mitte Thurgau: Mitglied Vorstand;
Die Mitte Bezirk Frauenfeld: Mitglied Parteileitung;
Die Mitte Seebachtal: Präsident;
Fraktion Die Mitte/EVP: Mitglied Vorstand (Kassier)","01.01.2025 -"
"401","Hug","Celina","GLP","Ausübung wichtiger politischer Ämter (ausserhalb des Grossen Rates)","Stadtrat Romanshorn: Stadträtin","01.01.2025 -"
"265","Mader","Christian","EDU/Aufrecht","Tätigkeit in Führungs- und Aufsichtsgremien in- und ausländischer Unternehmen, Anstalten, Stiftungen des privaten und öffentlichen Rechtes","raumwerke AG, Frauenfeld: Geschäftsleitung, Mitglied.","01.01.2025 -"
"265","Mader","Christian","EDU/Aufrecht","Ausübung wichtiger politischer Ämter (ausserhalb des Grossen Rates)","PG Frauenfeld Stadtparlament, Mitglied

EDU Thurgau, Präsident","01.01.2025 -"
"369","Reinhart","Sandra","GRÜNE","Tätigkeit in Führungs- und Aufsichtsgremien in- und ausländischer Unternehmen, Anstalten, Stiftungen des privaten und öffentlichen Rechtes","Regio Energie Amriswil (REA), Amriswil: Verwaltungsrat, Mitglied.","01.01.2025 -"
"369","Reinhart","Sandra","GRÜNE","Ausübung wichtiger politischer Ämter (ausserhalb des Grossen Rates)","PG Amriswil: Stadtrat, Mitglied","01.01.2025 -"
"399","Büchi","Cornelia","SVP","Tätigkeit in Führungs- und Aufsichtsgremien in- und ausländischer Unternehmen, Anstalten, Stiftungen des privaten und öffentlichen Rechtes","Technische Gemeindebetriebe, Bischofszell: Mitglied des Verwaltungsrates;

Wärme Bischofszell Sittertal AG, Bischofszell: Mitglied des Verwaltungsrates","01.01.2025 -"
"399","Büchi","Cornelia","SVP","Ausübung wichtiger politischer Ämter (ausserhalb des Grossen Rates)","Mieterschlichtungskommision Uesslingen: Mitglied;

SVP Ortspartei Iselisberg: Aktuarin","01.01.2025 -"
"297","Schär","Urs","SVP","Tätigkeit in Führungs- und Aufsichtsgremien in- und ausländischer Unternehmen, Anstalten, Stiftungen des privaten und öffentlichen Rechtes","Verband KVA TG, Weinfelden: Verwaltungsrat, Vizepräsident; Verband Thurgauer Landwirt-schaft (VTL), Weinfelden: Vorstand, Mitglied; Vianco AG, Brugg: Verwaltungsrat, Mitglied.","01.01.2025 -"
"297","Schär","Urs","SVP","Ausübung wichtiger politischer Ämter (ausserhalb des Grossen Rates)","PG Langrickenbach: Vize-Gemeindepräsident","01.01.2025 -"
"297","Schär","Urs","SVP","Unvereinbarkeit GR (KV § 29 Abs. 2)","Landwirtschaftsamt Thurgau: ÖLN-Kontrolleur (ca.4%)","01.01.2025 -"
"338","Bétrisey","Karin","GRÜNE","Tätigkeit in Führungs- und Aufsichtsgremien in- und ausländischer Unternehmen, Anstalten, Stiftungen des privaten und öffentlichen Rechtes","Strittmatter Partner AG, St. Gallen: Verwaltungsrat, Mitglied; 

Eidg. Kommission für Ing.-Geometerinnen und Ing.-Geometer: Vorstand, Mitglied; 

ERR Raumplaner AG, St. Gallen: Mitglied der Geschäftsleitung;

Verein Komplementärmedizin Thurgau: Vorstand, Präsidium","01.01.2025 -"
"427","Rüdisüli","Marc","Die Mitte/EVP","Ausübung wichtiger politischer Ämter (ausserhalb des Grossen Rates)","Mitglied Parteipräsidium, Die Mitte Schweiz;
Mitglied Parteileitung, Die Mitte Thurgau;
Mitglied Bezirksvorstand, Die Mitte Bezirk Münchwilen","01.01.2025 -"
"423","Marti","Ulrich","SVP","Tätigkeit in Führungs- und Aufsichtsgremien in- und ausländischer Unternehmen, Anstalten, Stiftungen des privaten und öffentlichen Rechtes","Politische Gemeinde Herdern, Herdern: Gemeinderat, Präsidium;

Schloss Herdern, Herdern: Vorstand, Mitglied;

Bioenergie Herdern AG, Herdern: Verwaltungsrat, Präsidium;

Zweckverband Wasserversorgung Seerücken West, Mammern: Betriebskommission, Mitglied;

Regio Frauenfeld, Frauenfeld: Vorstand, Mitglied","01.01.2025 -"
"423","Marti","Ulrich","SVP","Ausübung wichtiger politischer Ämter (ausserhalb des Grossen Rates)","PG Herdern: Präsidium;

Regio Frauenfeld: Vorstandsmitglied;

SVP Ortspartei Seebachtal: Vorstandsmitglied","01.01.2025 -"
"291","Eugster","Daniel","FDP","Tätigkeit in Führungs- und Aufsichtsgremien in- und ausländischer Unternehmen, Anstalten, Stiftungen des privaten und öffentlichen Rechtes","Haustechnik Eugster AG, Roggwil: Geschäftsführung, Verwaltungsrat, Präsident, Inhaber; 

trinq AG, Roggwil: Geschäftsführer, Verwaltungsrat, Präsident, Inhaber; 

Eugster Group AG, Roggwil: Geschäftsführer, Verwaltungsrat, Präsident, Inhaber; 

Kulturzentrum Presswerk AG, Arbon: Verwaltungsrat, Mitglied; 

Kulturverein Presswerk, Arbon: Vorstand, Präsident; 

swisscleantech: Vorstand, Mitglied;

Haustechnik Plan b, St. Gallen: Verwaltungsrat, Präsident, Mitinhaber;

E. Weber AG, Wattwil: Verwaltungsrat, Mitglied;

Einkaufsgenossenschaft Gebäudetechnik EGT: Verwaltungsrat, Mitglied;

Kantonsschule Romanshorn: Beirat;

Projekte für den Thurgau: Beirat","01.01.2025 -"
"291","Eugster","Daniel","FDP","Ausübung wichtiger politischer Ämter (ausserhalb des Grossen Rates)","FDP Bezirk Arbon: Vorstand, Mitglied","01.01.2025 -"
"406","Preiss","Marcel","GLP","Ausübung wichtiger politischer Ämter (ausserhalb des Grossen Rates)","Parlament Weinfelden, Parlamentarier","01.01.2025 -"
"314","Müller","Mathis","GRÜNE","Tätigkeit in Führungs- und Aufsichtsgremien in- und ausländischer Unternehmen, Anstalten, Stiftungen des privaten und öffentlichen Rechtes","Birdlife Thurgau: Vorstand, Mitglied; Birdlife Schweiz, Zürich: Delegierter; Natur- und Vogelschutzverein, Pfyn: Vorstand, Präsident.","01.01.2025 -"
"314","Müller","Mathis","GRÜNE","Ausübung wichtiger politischer Ämter (ausserhalb des Grossen Rates)","PG Pfyn: Gemeinderat, Mitglied","01.01.2025 -"
"324","Tschanen","Mathias","SVP","Tätigkeit in Führungs- und Aufsichtsgremien in- und ausländischer Unternehmen, Anstalten, Stiftungen des privaten und öffentlichen Rechtes","Tschanen AG, Müllheim: Verwaltungsrat, Geschäftsleitung, Mitglied; Kreis Wasserbau AG, Weinfelden: Verwaltungsrat, Mitglied; Kreis Waserbau Immo AG, Weinfelden: Verwaltungsrat, Mitglied; Tschanen Visionen AG, Müllheim: Verwaltungsrat, Mitglied; Tschanen Immobilien AG, Müllheim: Verwaltungsrat, Mitglied; Tschanen Holding AG, Müllheim: Verwaltungsrat, Mitglied; Stiftung Bildhauerschule, Müllheim: Stiftungsrat, Mitglied.","01.01.2025 -"
"324","Tschanen","Mathias","SVP","Ausübung wichtiger politischer Ämter (ausserhalb des Grossen Rates)","Thurgauischer Baumeisterverband: Vorstand, Präsident; Thurgauer-Gewerbeverband: Vorstand, Mitglied","01.01.2025 -"
"418","Greber","Kenny","SP und Gew.","Tätigkeit in Führungs- und Aufsichtsgremien in- und ausländischer Unternehmen, Anstalten, Stiftungen des privaten und öffentlichen Rechtes","Vorstand: Sozialpädagogische Wohngruppe Magellan, Salmsach","01.01.2025 -"
"418","Greber","Kenny","SP und Gew.","Ausübung wichtiger politischer Ämter (ausserhalb des Grossen Rates)","Co-Parteipräsident SP Thurgau","01.01.2025 -"
"140","Schallenberg","Turi","SP und Gew.","Tätigkeit in Führungs- und Aufsichtsgremien in- und ausländischer Unternehmen, Anstalten, Stiftungen des privaten und öffentlichen Rechtes","Sozialen Dienste Untersee & Rhein (SDUR): Geschäftsleiter;
Selbsthilfe Thurgau, Weinfelden: Patronatskomitee, Präsident;
TKöS (Thurg. Konferenz öffentliche Sozialhilfe) Vorstand, Mitglied","01.01.2025 -"
"352","Müller","Elina","SP und Gew.","Ausübung wichtiger politischer Ämter (ausserhalb des Grossen Rates)","PG Kreuzlingen: Gemeinderat, Präsidentin","01.01.2025 -"
"416","Fritschi","Manuela","FDP","Tätigkeit in Führungs- und Aufsichtsgremien in- und ausländischer Unternehmen, Anstalten, Stiftungen des privaten und öffentlichen Rechtes","Vorstandsmitglied: MURGHOF Werkstätten, Frauenfeld

Verwaltungsrätin: Raiffeisenbank am Bichelsee, Turbenthal","01.01.2025 -"
"416","Fritschi","Manuela","FDP","Ausübung wichtiger politischer Ämter (ausserhalb des Grossen Rates)","Präsidentin Rechnungs- und Geschäftsprüfungskommission, Polit. Gemeinde Eschlikon","01.01.2025 -"
"358","Hänni","Severine","SVP","Ausübung wichtiger politischer Ämter (ausserhalb des Grossen Rates)","PG Frauenfeld: Gemeinderat, Mitglied Geschäftsprüfungskommission «Finanzen und Administration»","01.01.2025 -"
"412","Brunner","Claude","SVP","Tätigkeit in Führungs- und Aufsichtsgremien in- und ausländischer Unternehmen, Anstalten, Stiftungen des privaten und öffentlichen Rechtes","Alters- und Pflegezentrum Amriswil (APZ), Amriswil: Betriebskommission, Präsident;

Spitex Oberthurgau, Amriswil: Vorstand, Mitglied","01.01.2025 -"
"412","Brunner","Claude","SVP","Ausübung wichtiger politischer Ämter (ausserhalb des Grossen Rates)","Stadt Amriswil: Stadtrat, Ressort Alter und Gesundheit","01.01.2025 -"
"356","Brühlmann Zwahlen","Maja","SVP","Ausübung wichtiger politischer Ämter (ausserhalb des Grossen Rates)","PG Sulgen: Gemeinderat, Mitglied","01.01.2025 -"
"359","Hauser","Cornelia","GRÜNE","Tätigkeit in Führungs- und Aufsichtsgremien in- und ausländischer Unternehmen, Anstalten, Stiftungen des privaten und öffentlichen Rechtes","Vivala Weinfelden, Stiftungsrat

Stiftung Tierschutzzentrum Thurgau, Mitglied 

Kantonalkommission Pro Infirmis TG/SH, Mitglied","01.01.2025 -"
"367","Peter","Priska","SVP","Tätigkeit in Führungs- und Aufsichtsgremien in- und ausländischer Unternehmen, Anstalten, Stiftungen des privaten und öffentlichen Rechtes","Energie Münchwilen AG, Münchwilen: Verwaltungsrat, Mitglied.","01.01.2025 -"
"367","Peter","Priska","SVP","Ausübung wichtiger politischer Ämter (ausserhalb des Grossen Rates)","SVP Münchwilen: Vorstand, Co-Präsidium","01.01.2025 -"
"409","Bernold","Claudio","FDP","Tätigkeit in Führungs- und Aufsichtsgremien in- und ausländischer Unternehmen, Anstalten, Stiftungen des privaten und öffentlichen Rechtes","Vizepräsident SK-CA, Schweizerische Schiedsrichter-Kommission SFV;

Schweizerischer Fussballverband SFV, Muri bei Bern","01.01.2025 -"
"409","Bernold","Claudio","FDP","Ausübung wichtiger politischer Ämter (ausserhalb des Grossen Rates)","PG Frauenfeld: Gemeinderat, Mitglied;

Technische Berufsschule Frauenfeld: BM-Kommission, Mitglied","01.01.2025 -"
"415","Frei Barbosa","Michaela","Die Mitte/EVP","Tätigkeit in Führungs- und Aufsichtsgremien in- und ausländischer Unternehmen, Anstalten, Stiftungen des privaten und öffentlichen Rechtes","TAGEO (Elternbildung Thurgau), Frauenfeld: Vorstandsmitglied","01.01.2025 -"
"417","Graf","Ulrich","SVP","Tätigkeit in Führungs- und Aufsichtsgremien in- und ausländischer Unternehmen, Anstalten, Stiftungen des privaten und öffentlichen Rechtes","Geschäftsführer (CEO), Witzig Alteco Digital Service AG, Frauenfeld","01.01.2025 -"
"417","Graf","Ulrich","SVP","Ausübung wichtiger politischer Ämter (ausserhalb des Grossen Rates)","Mitglied, Sozialhilfe Behörde Aadorf","01.01.2025 -"
"361","Macedo","Gabriel","FDP","Tätigkeit in Führungs- und Aufsichtsgremien in- und ausländischer Unternehmen, Anstalten, Stiftungen des privaten und öffentlichen Rechtes","Regio Energie Amriswil (REA), Amriswil: Verwaltungsrat, Vize-Präsident;

Abwasserverband Aachtal, Amriswil: Betriebskommission, Präsident;

Regionale Schiessanlage Almensberg, Amriswil: Betriebskommission, Präsident;

Thurgau Tourismus, Romanshorn: Vorstand, Mitglied;

Region Oberthurgau, Arbon: Vorstand, Mitglied;

BUS Oberthurgau AG (BOTG), Amriswil: Verwaltungsrat, Präsident;

BOS Management AG, Altstätten SG: Verwaltungsrat, Mitglied;

BUS Ostschweiz AG, Altstätten SG: Verwaltungsrat, Mitglied;

BOS Service AG, Altstätten SG: Verwaltungsrat, Mitglied;

Oberthurgau Immobilien AG: Amriswil: Verwaltungsrat, Präsident;

Smarter Thurgau, Weinfelden: Vorstand, Mitglied;

Thurgauer Bürgschaftsgenossenschaft: Vorstand, Vize-Präsident;

Verein Digitalarchiv Thurgau, Amriswil: Vorstand, Präsident;","01.01.2025 -"
"361","Macedo","Gabriel","FDP","Ausübung wichtiger politischer Ämter (ausserhalb des Grossen Rates)","PG Amriswil: Stadtpräsident: 

FDP.Die Liberalen Thurgau, Vorstand, Präsident.","01.01.2025 -"
"353","Ricklin","Judith","SVP","Tätigkeit in Führungs- und Aufsichtsgremien in- und ausländischer Unternehmen, Anstalten, Stiftungen des privaten und öffentlichen Rechtes","Bundesamt für Sport BASPO, Magglingen: J+S Expertin;
Sportstiftung Thurgau: Vizepräsidentin;","01.01.2025 -"
"353","Ricklin","Judith","SVP","Ausübung wichtiger politischer Ämter (ausserhalb des Grossen Rates)","PG Kreuzlingen: Gemeinderat, Mitglied
Vizepräsidentin SVP Thurgau; Mitglied Parteivorstand SVP Schweiz","01.01.2025 -"
"353","Ricklin","Judith","SVP","Unvereinbarkeit GR (KV § 29 Abs. 2)","stundenweise (0 – max. 17.5h/Mt.; im Stundenlohn) Arbeitseinsätze für das Elterncafé+ in Zusammenhang mit dem Master Frühe Kindheit der Pädagogischen Hochschule Thurgau (PHTG)","01.01.2025 -"
"212","Wirth","Andreas","SVP","Tätigkeit in Führungs- und Aufsichtsgremien in- und ausländischer Unternehmen, Anstalten, Stiftungen des privaten und öffentlichen Rechtes","Förderverein PHTG, Vorstand, Mitglied.","01.01.2025 -"
"212","Wirth","Andreas","SVP","Ausübung wichtiger politischer Ämter (ausserhalb des Grossen Rates)","Primar- und Sekundarschulgemeinde Frauenfeld: Schulpräsident","01.01.2025 -"
"425","Niederberger","Thomas","FDP","Tätigkeit in Führungs- und Aufsichtsgremien in- und ausländischer Unternehmen, Anstalten, Stiftungen des privaten und öffentlichen Rechtes","Präsident, Vorstand: Verband Thurgauer Gemeinden VTG, Weinfelden
Präsident, Verwaltungsrat: Bodensee-Arena AG, Kreuzlingen
Mitglied, Stiftungsrat: Stiftung Das Trösch, Kreuzlingen
Präsident, Vorstand: Agglomerationsprogramm Kreuzlingen-Konstanz, Kreuzlingen 
Vize-Präsident, Vorstand: Regio Kreuzlingen, Kreuzlingen 
Mitglied, Vorstand: Thurgau Tourismus, Romanshorn","01.01.2025 -"
"425","Niederberger","Thomas","FDP","Ausübung wichtiger politischer Ämter (ausserhalb des Grossen Rates)","Stadtpräsident, Politische Gemeinde Kreuzlingen	

Vorstand, FDP Ortspartei Kreuzlingen","01.01.2025 -"
"377","Zeitner","Nicole","GLP","Tätigkeit in Führungs- und Aufsichtsgremien in- und ausländischer Unternehmen, Anstalten, Stiftungen des privaten und öffentlichen Rechtes","BENEFO, Frauenfeld: Stiftungsrat, Mitglied.

INSOS Thurgau, Stettfurt: Geschäftsleiterin

Greuterhof, Islikon: Stiftungsrat, Vorstand, Mitglied

WWF Thurgau, Vorstand, Mitglied","01.01.2025 -"
"377","Zeitner","Nicole","GLP","Ausübung wichtiger politischer Ämter (ausserhalb des Grossen Rates)","GLP Bezirk Frauenfeld: Vorstand, Mitglied

GLP Thurgau: Vorstand, Mitglied

Kulturkommission Kanton Thurgau: Mitglied","01.01.2025 -"
"273","Vietze","Kristiane","FDP","Tätigkeit in Führungs- und Aufsichtsgremien in- und ausländischer Unternehmen, Anstalten, Stiftungen des privaten und öffentlichen Rechtes","Baumer Group, Frauenfeld: Verwaltungsrat, Sekretär; Stiftung Kartause Ittingen: Stiftungsrat, Mitglied; Schloss Herdern: Vorstand, Mitglied; Think Tank Thurgau: Vorstand, Mitglied; TWI Thurgauer Wirtschaftsinstitut: Vorstand, Mitglied.","01.01.2025 -"
"273","Vietze","Kristiane","FDP","Ausübung wichtiger politischer Ämter (ausserhalb des Grossen Rates)","IHK Industrie- und Handelskammer: Vorstand, Mitglied; Kantonsschule Frauenfeld, Beirat","01.01.2025 -"
"366","Neuweiler","Denise","SVP","Tätigkeit in Führungs- und Aufsichtsgremien in- und ausländischer Unternehmen, Anstalten, Stiftungen des privaten und öffentlichen Rechtes","Kompetenzzentrum Soziale Dienste See, Münsterlingen: Vorstand, Mitglied; Fürsorgekommission, Langrickenbach: Präsidentin; Thurgauische Konferenz für öffentl. Sozialhilfe TKöS, Weinfelden: Vorstand, Mitglied; Perspektive Thurgau, Weinfelden: Vorstand, Mitglied.","01.01.2025 -"
"366","Neuweiler","Denise","SVP","Ausübung wichtiger politischer Ämter (ausserhalb des Grossen Rates)","PG Langrickenbach: Gemeindepräsidentin","01.01.2025 -"
"295","Steiger Eggli","Christine","SP und Gew.","Tätigkeit in Führungs- und Aufsichtsgremien in- und ausländischer Unternehmen, Anstalten, Stiftungen des privaten und öffentlichen Rechtes","Stiftung Andante, Winterthur: Stiftungsrat, Mitglied.","01.01.2025 -"
"210","Zimmermann","David","SVP","Tätigkeit in Führungs- und Aufsichtsgremien in- und ausländischer Unternehmen, Anstalten, Stiftungen des privaten und öffentlichen Rechtes","Ochsen Braunau AG, Braunau: Verwaltungsrat, Präsident; Alterszentrum Münchwilen, Münchwilen: Verwaltungsrat, Mitglied; Sicherheitsverbund Region Wil, Wil: Verwaltungsrat, Mitglied; Berufsbeistandschaft Münchwilen, Münchwilen: Verwaltungsrat, Mitglied; Thurkultur Wil: Vorstand, Präsident.","01.01.2025 -"
"210","Zimmermann","David","SVP","Ausübung wichtiger politischer Ämter (ausserhalb des Grossen Rates)","PG Braunau: Gemeindepräsident","01.01.2025 -"
"365","Mühlemann","Stefan","SVP","Tätigkeit in Führungs- und Aufsichtsgremien in- und ausländischer Unternehmen, Anstalten, Stiftungen des privaten und öffentlichen Rechtes","Brauhaus Sternen AG, Frauenfeld: Verwaltungsrat, Mitglied; 

Zweckverband Abfallverwertung Bazenheid, Bazenheid: Verwaltungsrat, Mitglied;

Abwasserzweckverband: Betriebskommission, Mitglied; 

HEV Kanton Thurgau: Vorstand, Präsident; 

Zivilschutzorganisation Hinterthurgau ZSO: Vorstand, Präsident; 

TCS Sektion Thurgau, Geschäftsleitung, Präsident;

Zentralclub TCS Schweiz: Verwaltungsrat, Mitglied;

VSZ (Verkehrssicherheitszentrum) Thurgau: Verwaltungsrat, Mitglied","01.01.2025 -"
"365","Mühlemann","Stefan","SVP","Ausübung wichtiger politischer Ämter (ausserhalb des Grossen Rates)","PG Aadorf: Vizegemeindepräsident; SVP Bezirk Münchwilen: Vorstand, Mitglied","01.01.2025 -"
"65","Lüscher","Bruno","FDP","Tätigkeit in Führungs- und Aufsichtsgremien in- und ausländischer Unternehmen, Anstalten, Stiftungen des privaten und öffentlichen Rechtes","Erweiterung Kläranlage, Aadorf: Baukommission, Präsident.","01.01.2025 -"
"65","Lüscher","Bruno","FDP","Ausübung wichtiger politischer Ämter (ausserhalb des Grossen Rates)","personalthurgau: Vorstand, Präsident","01.01.2025 -"
"347","Madörin","Lukas","EDU/Aufrecht","Ausübung wichtiger politischer Ämter (ausserhalb des Grossen Rates)","PG Weinfelden: Stadtparlament, Mitglied","01.01.2025 -"
"410","Biondi","Alessandra","SP und Gew.","Ausübung wichtiger politischer Ämter (ausserhalb des Grossen Rates)","PG Frauenfeld: Gemeinderätin, Fraktion SP;
Volkshausstiftung Frauenfeld: Vizepräsidentin","01.01.2025 -"
"336","Dätwyler Weber","Barbara","SP und Gew.","Tätigkeit in Führungs- und Aufsichtsgremien in- und ausländischer Unternehmen, Anstalten, Stiftungen des privaten und öffentlichen Rechtes","SBK-ASI Schweizer Berufsverband der Pflegefachfrauen und Pflegefachmänner Bern: Zentralvorstand, Mitglied; 

Personal Thurgau Frauenfeld: Vorstand, Präsidentin;

PG Frauenfeld: Stadtrat, Vizestadtpräsidentin; 

SP Thurgau: Geschäftsleitung, Mitglied;

Perspektive Thurgau Weinfelden: Vorstand, Mitglied;

Schloss Herdern: Betriebskommission, Mitglied;

PMS Kreuzlingen: Beirat, Mitglied","01.01.2025 -"
"336","Dätwyler Weber","Barbara","SP und Gew.","Ausübung wichtiger politischer Ämter (ausserhalb des Grossen Rates)","PG Frauenfeld: Stadträtin, Mitglied;

SP Thurgau: Geschäftsleitung, Mitglied","01.01.2025 -"
"402","Amrhein","Daniel","SVP","Tätigkeit in Führungs- und Aufsichtsgremien in- und ausländischer Unternehmen, Anstalten, Stiftungen des privaten und öffentlichen Rechtes","Amrhein Facility GmbH, Balterswil: Inhaber;
Bernath Haustechnik GmbH: Geschäftsführer","01.01.2025 -"
"402","Amrhein","Daniel","SVP","Ausübung wichtiger politischer Ämter (ausserhalb des Grossen Rates)","","01.01.2025 -"
"303","Ammann","Reto","GLP","Tätigkeit in Führungs- und Aufsichtsgremien in- und ausländischer Unternehmen, Anstalten, Stiftungen des privaten und öffentlichen Rechtes","SBW Haus des Lernens AG, Romanshorn: Verwaltungsratspräsident, CEO; 
SBW HdL AG, Romanshorn: Verwaltungsratspräsident; 
Brunnegg Idea AG, Kreuzlingen: Verwaltungsratspräsident; 
Seelab AG, Kreuzlingen: Verwaltungsratspräsident; 
SBW Services AG: Verwaltungsratspräsident; 
International School Neustadt GmbH, Neustadt (D): Gesellschafter, Geschäftsführer; 
International School Westpfalz GmbH, Landstuhl (D): Gesellschafter, Geschäftsführer; 
Jules Vernes Campus gGmbH und Service GmbH München: Gesellschafter, Mitglied; 
International School Ruhr, Essen: Gesellschafter; 
Fortuna Sora GmbH: Gesellschafter;
Coubertin meets Dunant Foundation: Stiftungsratspräsident; 
Crescere Stiftung Thurgau; des. Stiftungsratspräsident 
Sportstiftung Thurgau: Stiftungsrat, Mitglied; 
NAT Netzwerk Asyl Thurgau: Mitglied","01.01.2025 -"
"303","Ammann","Reto","GLP","Ausübung wichtiger politischer Ämter (ausserhalb des Grossen Rates)","Förderverein Projekte für den Thurgau: Beirat, Mitglied","01.01.2025 -"
"422","Leu","Thomas","FDP","Tätigkeit in Führungs- und Aufsichtsgremien in- und ausländischer Unternehmen, Anstalten, Stiftungen des privaten und öffentlichen Rechtes","einziger VR, Verwaltungsrat: Junato AG, Kreuzlingen;

VR-Mitglied, Verwaltungsrat: Kierzek AG, Kreuzlingen;

einziger GF, Geschäftsleitung: Leucon GmbH, Kreuzlingen;

Präsident, HEV Region Kreuzlingen, Kreuzlingen;

Aktuar, HEV Thurgau, Kreuzlingen;

Präsident des Verwaltungsrates, Pro Dampfer AG, Mammern","01.01.2025 -"
"391","Wittwer","Marcel","EDU/Aufrecht","Tätigkeit in Führungs- und Aufsichtsgremien in- und ausländischer Unternehmen, Anstalten, Stiftungen des privaten und öffentlichen Rechtes","Wittwer Fispo GmbH: Geschäftsleitungsmitglied;
EDU Thurgau: Geschäftsleitungsmitglied, Vizepräsident; 
EDU Bezirk Arbon: Bezirkspräsident","01.01.2025 -"
"391","Wittwer","Marcel","EDU/Aufrecht","Ausübung wichtiger politischer Ämter (ausserhalb des Grossen Rates)","EDU Schweiz: Revisor; JEDU Schweiz: Vize-präsident; EDU Thurgau: Geschäftsleitungsmitglied, Vizepräsident; EDU Bezirk Arbon: Bezirkspräsident","01.01.2025 -"
"363","Martin","Oliver","SVP","Tätigkeit in Führungs- und Aufsichtsgremien in- und ausländischer Unternehmen, Anstalten, Stiftungen des privaten und öffentlichen Rechtes","Martin Confiserie AG, Leimbach, Geschäftsführer Verwaltungsratspräsident

Martin Group AG, Inhaber, Geschäftsführer

Frima Immobilien GmbH, Inhaber, Geschäftsführer","01.01.2025 -"
"363","Martin","Oliver","SVP","Ausübung wichtiger politischer Ämter (ausserhalb des Grossen Rates)","SVP Ortspartei Bürglen, Präsident","01.01.2025 -"
"390","Schildknecht","Benno","Die Mitte/EVP","Ausübung wichtiger politischer Ämter (ausserhalb des Grossen Rates)","Die Mitte Region Amriswil, Präsident","01.01.2025 -"
"395","Stutz","Raphael","SVP","Tätigkeit in Führungs- und Aufsichtsgremien in- und ausländischer Unternehmen, Anstalten, Stiftungen des privaten und öffentlichen Rechtes","Murg AG, Verwaltungsrat: Präsident;
Genesis Solutions AG, Verwaltungsrat: Präsident;
CRSS Immo AG, Verwaltungsrat: Präsident;
EKT Energiestiftung, Stiftungsrat: Mitglied;
EW Sirnach AG, Verwaltungsrat: Mitglied","01.01.2025 -"
"302","Möckli","Gottfried","SVP","Tätigkeit in Führungs- und Aufsichtsgremien in- und ausländischer Unternehmen, Anstalten, Stiftungen des privaten und öffentlichen Rechtes","Möckli Festbedarf GmbH, Inhaber.","01.01.2025 -"
"337","Eugster","Franz","Die Mitte/EVP","Ausübung wichtiger politischer Ämter (ausserhalb des Grossen Rates)","Die Mitte Bischofszell und Umgebung: Vorstand, Präsident","01.01.2025 -"
"428","Schönegger","Traudi","SP und Gew.","Tätigkeit in Führungs- und Aufsichtsgremien in- und ausländischer Unternehmen, Anstalten, Stiftungen des privaten und öffentlichen Rechtes","Gemeinde Sirnach: Fürsorgekommission, Mitglied ","21.05.2026 -"
"152","Wohlfender-Oertig","Edith","SP und Gew.","Tätigkeit in Führungs- und Aufsichtsgremien in- und ausländischer Unternehmen, Anstalten, Stiftungen des privaten und öffentlichen Rechtes","Dravet Suisse, Präsidentin;

SGGP Ostschweiz, Vorstandsmitglied","01.01.2025 -"
"152","Wohlfender-Oertig","Edith","SP und Gew.","Ausübung wichtiger politischer Ämter (ausserhalb des Grossen Rates)","Referenzfunktionenkommission Kanton St. Gallen, Mitglied","01.01.2025 -"
"430","Sigrist","Andreas","EDU/Aufrecht","Tätigkeit in Führungs- und Aufsichtsgremien in- und ausländischer Unternehmen, Anstalten, Stiftungen des privaten und öffentlichen Rechtes","Regionalleiter: ACC, Zürich","01.01.2025 -"
"398","Stieger","Roger","Die Mitte/EVP","Tätigkeit in Führungs- und Aufsichtsgremien in- und ausländischer Unternehmen, Anstalten, Stiftungen des privaten und öffentlichen Rechtes","Blaues Kreuz TG/SH, Weinfelden: Geschäftsführer;

EVP Bezirk, Weinfelden: Co. Präsident","01.01.2025 -"
"305","Bühler","Peter","Die Mitte/EVP","Tätigkeit in Führungs- und Aufsichtsgremien in- und ausländischer Unternehmen, Anstalten, Stiftungen des privaten und öffentlichen Rechtes","Trionfini Satz, Druck, Verlag AG, Altnau: Verwaltungsrat, Mitglied; 
Yolo Sport Management GmbH, Weinfelden: Mitinhaber, CEO;
Finanzverantwortlicher Sportstiftung Thurgau, Romanshorn: Stiftungsrat, Mitglied;","01.01.2025 -"
"305","Bühler","Peter","Die Mitte/EVP","Ausübung wichtiger politischer Ämter (ausserhalb des Grossen Rates)","Die Mitte Aadorf: Vorstandsmitglied;
Die Mitte Bichelsee-Balterswil: Vorstandsmitglied;
AWG Thurgau, Tägerwilen: Vorstandsmitglied","01.01.2025 -"
"411","Brenner","Martin","FDP","Tätigkeit in Führungs- und Aufsichtsgremien in- und ausländischer Unternehmen, Anstalten, Stiftungen des privaten und öffentlichen Rechtes","Martin Brenner Organisation, Weinfelden: Geschäftsführer und Inhaber","01.01.2025 -"
"411","Brenner","Martin","FDP","Ausübung wichtiger politischer Ämter (ausserhalb des Grossen Rates)","Stadt Weinfelden: Stadtrat, Ressort Hochbau;

FDP Weinfelden: Vorstand, Vizepräsident","01.01.2025 -"
"437","Wolfer","Stefan","SVP","Ausübung wichtiger politischer Ämter (ausserhalb des Grossen Rates)","Ratsmitglied, Stadtparlament Weinfelden","01.01.2025 -"
"355","Bachmann","Eveline","SVP","Tätigkeit in Führungs- und Aufsichtsgremien in- und ausländischer Unternehmen, Anstalten, Stiftungen des privaten und öffentlichen Rechtes","Verband Thurgauer Landwirtschaft, Weinfelden: Vorstand, Mitglied","01.01.2025 -"
"419","Haldemann","Peter","SVP","Tätigkeit in Führungs- und Aufsichtsgremien in- und ausländischer Unternehmen, Anstalten, Stiftungen des privaten und öffentlichen Rechtes","Vizepräsident, Vorstand: FRK am Untersee, Ermatingen

Mitglied, Vorstand: VTL, Weinfelden","01.01.2025 -"
"419","Haldemann","Peter","SVP","Ausübung wichtiger politischer Ämter (ausserhalb des Grossen Rates)","Mitglied Gemeinderat Raperswilen","01.01.2025 -"
"199","Lei","Hermann","SVP","Tätigkeit in Führungs- und Aufsichtsgremien in- und ausländischer Unternehmen, Anstalten, Stiftungen des privaten und öffentlichen Rechtes","Genossenschaft Messen, Weinfelden: Verwaltungsrat, Vizepräsident; 

„Schweizerzeit“ Verlags AG, Flaach: Verwaltungsrat, Präsident; 

Schweizerzeit-Stiftung, Zug; Stiftungsrat, Mitglied;","01.01.2025 -"
"345","Engeli-Sager","Brigitta","GRÜNE","Tätigkeit in Führungs- und Aufsichtsgremien in- und ausländischer Unternehmen, Anstalten, Stiftungen des privaten und öffentlichen Rechtes","Verein \"Die Arche Schweiz\", Kreuzlingen: Vorstand, Präsidentin","01.01.2025 -"
"345","Engeli-Sager","Brigitta","GRÜNE","Ausübung wichtiger politischer Ämter (ausserhalb des Grossen Rates)","Sekundarschulbehörde Kreuzlingen: Vorstand, Mitglied","01.01.2025 -"
"290","Rickenbach","Elisabeth","Die Mitte/EVP","Tätigkeit in Führungs- und Aufsichtsgremien in- und ausländischer Unternehmen, Anstalten, Stiftungen des privaten und öffentlichen Rechtes","Spitex Region Müllheim, Bildungsverantwortliche;

Stiftung Kanzler, Mitglied Stiftungsrat","01.01.2025 -"
"290","Rickenbach","Elisabeth","Die Mitte/EVP","Ausübung wichtiger politischer Ämter (ausserhalb des Grossen Rates)","EVP TG: Parteileitung, Vorstand, Mitglied;

EVP Frauenfeld: Präsidentin, Mitglied;

Evang. Kirchgemeinde Thunbachtal: Mitglied RPK","01.01.2025 -"
"316","Peter Köstli","Sabina","Die Mitte/EVP","Tätigkeit in Führungs- und Aufsichtsgremien in- und ausländischer Unternehmen, Anstalten, Stiftungen des privaten und öffentlichen Rechtes","Perspektive Thurgau, Frauenfeld: Vorstand, Präsidentin; 

Gemeinde Hüttwilen (Körperschaft des öffentlichen Rechts) Präsidentin

Berufsbeistandschaft Frauenfeld Land (Körperschaft des öffentlichen Rechts) Mitglied, Ausschuss

Stiftung Seebachtal (Stiftung) Mitglied, Stiftungsrat

OST - Ostschweizer Fachhochschule (Körperschaft des öffentlichen Rechts) Mitglied, Beirat

Pro Wind Thurgau (Verein) Mitglied, Vorstand","01.01.2025 -"
"316","Peter Köstli","Sabina","Die Mitte/EVP","Ausübung wichtiger politischer Ämter (ausserhalb des Grossen Rates)","PG Hüttwilen: Gemeindepräsidentin","01.01.2025 -"
"325","Walther","René","FDP","Tätigkeit in Führungs- und Aufsichtsgremien in- und ausländischer Unternehmen, Anstalten, Stiftungen des privaten und öffentlichen Rechtes","GOS Handels AG, Romanshorn: Verwaltungsrat, Mitglied; Stiftung Mansio, Münsterlingen: Stiftungsrat, Mitglied; Wohnbaugenossenschaft Tempelacker, Münsterlingen: Vorstand, Präsident.","01.01.2025 -"
"325","Walther","René","FDP","Ausübung wichtiger politischer Ämter (ausserhalb des Grossen Rates)","Stadt Arbon: Stadtpräsident; Regionalplanungsgruppe Kreuzlingen: Präsident; Agglomerationsprogramm Kreuzlingen/Konstanz: Vorstand","01.01.2025 -"
"325","Walther","René","FDP","Unvereinbarkeit GR (KV § 29 Abs. 2)","BZWW Weinfelden: Studienleitung und Verwaltungsökonom TG (50 Jahres-lektionen, 3% Jahres-pensum)","01.01.2025 -"
"433","Strähl-D’Ambrosio","Raffaella","SVP","Tätigkeit in Führungs- und Aufsichtsgremien in- und ausländischer Unternehmen, Anstalten, Stiftungen des privaten und öffentlichen Rechtes","Gemeindepräsidentin: Gemeinde Kemmental","01.01.2025 -"
"307","Eschenmoser","Hans","SVP","Ausübung wichtiger politischer Ämter (ausserhalb des Grossen Rates)","PG Weinfelden: Stadtrat, Mitglied","01.01.2025 -"
"284","Rüegg","Jost","GRÜNE","Ausübung wichtiger politischer Ämter (ausserhalb des Grossen Rates)","PG Kreuzlingen: Gemeinderat, Mitglied","01.01.2025 -"
"283","Auer","Jacob","SP und Gew.","Ausübung wichtiger politischer Ämter (ausserhalb des Grossen Rates)","PG Arbon: Stadtparlament, Mitglied; UNIA Region OS-GR: Präsident","01.01.2025 -"
"426","Nikolic-Fuss","Sandrine","SP und Gew.","Tätigkeit in Führungs- und Aufsichtsgremien in- und ausländischer Unternehmen, Anstalten, Stiftungen des privaten und öffentlichen Rechtes","Arbeitnehmervertreter: SUVA, Luzern

Präsidentin, Vorstand: kapers, Kloten

Mitglied, Vorstand: SGB, Bern

Vize-Präsidentin, Zivile Luftfahrt: ETF, Brüssel","01.01.2025 -"
"282","Feuerle","Didi","GRÜNE","Tätigkeit in Führungs- und Aufsichtsgremien in- und ausländischer Unternehmen, Anstalten, Stiftungen des privaten und öffentlichen Rechtes","Arbon Energie AG, Arbon: Verwaltungsrat, Vizepräsident; Abwasserverband Morgental, Arbon: Betriebskommission, Präsident; Schreinerei Dieter Feuerle, Arbon: Inhaber.","01.01.2025 -"
"282","Feuerle","Didi","GRÜNE","Ausübung wichtiger politischer Ämter (ausserhalb des Grossen Rates)","PG Arbon: Stadtrat, Vizepräsident; 

GRÜNE Thurgau: Vorstand, Mitglied; 

GRÜNE Bezirk Arbon: Vorstand, Präsident; 

GRÜNE Arbon: Vorstand, Mitglied;","01.01.2025 -"
"407","Stump","Beat","SVP","Ausübung wichtiger politischer Ämter (ausserhalb des Grossen Rates)","SVP Ortspartei Erlen und Umgebung; Präsident

SVP Schweiz; Vorstandsmitglied","01.01.2025 -"
"28","Gemperle","Josef","Die Mitte/EVP","Tätigkeit in Führungs- und Aufsichtsgremien in- und ausländischer Unternehmen, Anstalten, Stiftungen des privaten und öffentlichen Rechtes","EKT Holding AG: Verwaltungsrat, Mitglied","01.01.2025 -"
"231","Pretali","Beat","FDP","Tätigkeit in Führungs- und Aufsichtsgremien in- und ausländischer Unternehmen, Anstalten, Stiftungen des privaten und öffentlichen Rechtes","Mayer Immobilien AG, Weinfelden: Verwaltungsrat, Präsident; Raiffeisenbank Regio, Altnau: Verwaltungsrat, Mitglied; Internationales Bodensee-Schifffahrtsmuseum e.V., Friedrichshafen (D): Vorstand, Mitglied.","01.01.2025 -"
"231","Pretali","Beat","FDP","Unvereinbarkeit GR (KV § 29 Abs. 2)","BZW Weinfelden: Dozent Weiterbildung (< 10%)","01.01.2025 -"
"328","Bruggmann","Marina","SP und Gew.","Tätigkeit in Führungs- und Aufsichtsgremien in- und ausländischer Unternehmen, Anstalten, Stiftungen des privaten und öffentlichen Rechtes","Geschäftsführerin Palliative Ostschweiz
Co-Geschäftsführerin Hospizdienst Thurgau","01.01.2025 -"
"328","Bruggmann","Marina","SP und Gew.","Ausübung wichtiger politischer Ämter (ausserhalb des Grossen Rates)","Co-Parteipräsidentin SP Thurgau
PG Salmsach: Vize-Gemeindepräsidentin","01.01.2025 -"
"348","Wyss","Roland","Die Mitte/EVP","Tätigkeit in Führungs- und Aufsichtsgremien in- und ausländischer Unternehmen, Anstalten, Stiftungen des privaten und öffentlichen Rechtes","Roland Wyss Bauleitungen GmbH, Frauenfeld: Gesellschafter, Geschäftsführer; Verein Wohnheim Adler, Frauenfeld: Vorstand, Vizepräsident; Genossenschaft Guggenhürli, Frauenfeld: Vorstand, Mitglied; Bürgergemeinde Frauenfeld: Verwaltungsrat,Stiftungsrat.","01.01.2025 -"
"348","Wyss","Roland","Die Mitte/EVP","Ausübung wichtiger politischer Ämter (ausserhalb des Grossen Rates)","PG Frauenfeld: Gemeinderat, Mitglied","01.01.2025 -"
"264","Leuthold","Stefan","GLP","Tätigkeit in Führungs- und Aufsichtsgremien in- und ausländischer Unternehmen, Anstalten, Stiftungen des privaten und öffentlichen Rechtes","PG Frauenfeld, Stadtrat, Mitglied;
ProWind Thurgau, Hüttwilen: Vorstand, Mitglied; 
Verein Geothermie Thurgau, Münchwilen: Vorstand, Mitglied;
effekt marketing gmbh, Frauenfeld: Inhaber","01.01.2025 -"
"264","Leuthold","Stefan","GLP","Ausübung wichtiger politischer Ämter (ausserhalb des Grossen Rates)","GLP Thurgau: Präsident; 

GLP Bezirk Frauenfeld: Vorstand, Mitglied","01.01.2025 -"
"332","Imhof","Kilian","Die Mitte/EVP","Ausübung wichtiger politischer Ämter (ausserhalb des Grossen Rates)","Katholische Landeskirche: 

Synode, Mitglied","01.01.2025 -"
"308","Hasler-Roost","Cornelia","FDP","Tätigkeit in Führungs- und Aufsichtsgremien in- und ausländischer Unternehmen, Anstalten, Stiftungen des privaten und öffentlichen Rechtes","Sunnyside Trading GmbH, Inhaberin und Geschäftsführerin","01.01.2025 -"
"308","Hasler-Roost","Cornelia","FDP","Ausübung wichtiger politischer Ämter (ausserhalb des Grossen Rates)","Murg Stiftung: Stiftungsrätin","01.01.2025 -"
"381","Rüegg","Marco","GLP","Tätigkeit in Führungs- und Aufsichtsgremien in- und ausländischer Unternehmen, Anstalten, Stiftungen des privaten und öffentlichen Rechtes","De Lorean Power GmbH, Gachnang: Inhaber; Fairpower AG, Bülach: Verwaltungsrat, Präsident; MW Storage AG, Zug: Geschäftsleitung, Mitglied; Solargenossenschaft Frauenfeld: Vorstand, Präsident.","01.01.2025 -"
"343","Pasche-Strasser","Corinna","Die Mitte/EVP","Tätigkeit in Führungs- und Aufsichtsgremien in- und ausländischer Unternehmen, Anstalten, Stiftungen des privaten und öffentlichen Rechtes","Pro Senectute Thurgau, Weinfelden: Stiftungsrätin; 
Katholischen Landeskirche Thurgau, Weinfelden: Kirchenrätin; 
TSME Thurgauisch-Schaffhauserische Maturitätsschule für Erwachsene, Frauenfeld: Mitglied der Aufsichtskommission
VTGS - Verband Thurgauer Schulgemeinden, Amriswil: Vorstandsmitglied","01.01.2025 -"
"114","Tobler","Stephan","SVP","Tätigkeit in Führungs- und Aufsichtsgremien in- und ausländischer Unternehmen, Anstalten, Stiftungen des privaten und öffentlichen Rechtes","Espace Suisse NO, St. Gallen: Vorstand, Vizepräsident; 
Oberthurgau Immobilien AG, Amriswil: Verwaltungsrat, Vizepräsident; 
Metropole CH, Zürich: Vorstand, Mitglied; 
Schloss Luxburg AG: Verwaltungsrat, Präsident;
Volksschulgemeinde Egnach: Rechnungs- und Geschäftsprüfungskommission, Mitglied","01.01.2025 -"
"114","Tobler","Stephan","SVP","Ausübung wichtiger politischer Ämter (ausserhalb des Grossen Rates)","SVP Thurgau: Mitglied; 
SVP Bezirk Arbon: Vorstand, Mitglied; 
SVP Ortspartei Egnach: Revisor","01.01.2025 -"
"315","Opprecht","Andreas","FDP","Tätigkeit in Führungs- und Aufsichtsgremien in- und ausländischer Unternehmen, Anstalten, Stiftungen des privaten und öffentlichen Rechtes","Verein AachThurLand, Sulgen: Vorstand, Kassier; Verein Berufsbeistandschaft Region Bischofszell: Vorstand, Mitglied; Betriebskommission Abwasserverband Mittelthurgau, Weinfelden: Vorstand, Vizepräsident; Betriebskommission Abwasserverband Aachtal, Amriswil: Vorstand, Mitglied; Verband Thurgauische Elektrizitätsversorgungsunter-nehmen: Vorstand, Vizepräsident; Ärztezentrum AachThurLand: Verwaltungsrat, Vizepräsident","01.01.2025 -"
"315","Opprecht","Andreas","FDP","Ausübung wichtiger politischer Ämter (ausserhalb des Grossen Rates)","PG Sulgen: Gemeindepräsident","01.01.2025 -"
"431","Sontheim","Marion","SP und Gew.","Tätigkeit in Führungs- und Aufsichtsgremien in- und ausländischer Unternehmen, Anstalten, Stiftungen des privaten und öffentlichen Rechtes","Mitglied der Geschäftsleitung, Ausbildungsleiterin: IG Spielgruppen Schweiz GmbH, Uster","01.01.2025 -"
"431","Sontheim","Marion","SP und Gew.","Ausübung wichtiger politischer Ämter (ausserhalb des Grossen Rates)","Gemeinderat Bottighofen, Ressort Soziales","01.01.2025 -"
"429","Senn-Bieri","Ursula","SP und Gew.","Tätigkeit in Führungs- und Aufsichtsgremien in- und ausländischer Unternehmen, Anstalten, Stiftungen des privaten und öffentlichen Rechtes","Mitglied, Verwaltungsrat: Genossenschaft Alterszentrum Weinfelden, Weinfelden

Mitglied, Vorstand: Verein für Jugend und Freizeit, Weinfelden","01.01.2025 -"
"429","Senn-Bieri","Ursula","SP und Gew.","Ausübung wichtiger politischer Ämter (ausserhalb des Grossen Rates)","Mitglied, Stadtrat: PG Weinfelden

Mitglied, Vorstand: SP Bezirk Weinfelden

Mitglied (bis 31.12.2024): Synode Evangelische Landeskirche Thurgau","01.01.2025 -"
"384","Strähl","Michèle","FDP","Tätigkeit in Führungs- und Aufsichtsgremien in- und ausländischer Unternehmen, Anstalten, Stiftungen des privaten und öffentlichen Rechtes","P. Strähl Beteiligungen AG, Weinfelden: Verwaltungsrat, Mitglied; 
Stiftung Hofacker, Weinfelden: Stiftungsrat, Mitglied; 
Thurgauisch-Schaffhauserische Maturitätsschule für Erwachsene (TSME), Frauenfeld: Aufsichtskommission, Mitglied; 
Strähl Käse AG: Verwaltungsrat, Mitglied;
Agro Marketing Thurgau AG: Verwaltungsrat, Mitglied;
Thurgauer Gewerbeverband: Vorstand, Mitglied","01.01.2025 -"
"384","Strähl","Michèle","FDP","Ausübung wichtiger politischer Ämter (ausserhalb des Grossen Rates)","Stadtparlament Weinfelden, Mitglied.","01.01.2025 -"
"434","Sturzenegger","Manuel","SVP","Tätigkeit in Führungs- und Aufsichtsgremien in- und ausländischer Unternehmen, Anstalten, Stiftungen des privaten und öffentlichen Rechtes","Gewerbliches Bildungszentrum Weinfelden, Präsident Berufsfachschulkommission;
Umraum Landschaftsarchitektur GmbH, Weinfelden, Gesellschafter und Geschäftsführer;
Verein Jagd Thurgau, Präsident
","01.01.2025 -"
"434","Sturzenegger","Manuel","SVP","Ausübung wichtiger politischer Ämter (ausserhalb des Grossen Rates)","Stadtparlament Weinfelden, Mitglied","01.01.2025 -"
"420","Hugentobler","Fabrizio","FDP","Tätigkeit in Führungs- und Aufsichtsgremien in- und ausländischer Unternehmen, Anstalten, Stiftungen des privaten und öffentlichen Rechtes","Stiftungsrat: Stiftung Vita Parcours, Zürich

Mitglied, Vorstand: GSK Gesellschaft Schweiz. Kunsteisbahnen, Bever","01.01.2025 -"
