"kommission_id","start","end","gremium","gremiumstyp","nr","name","vorname","funktion","fraktion"
"bd2b2be7965644fe8136016962604fe2",2013-02-01,2020-05-20,"Geschäftsprüfungs- und Finanzkommission","Ständige Kommission","2","Aerne","Margrit","Mitglied","SVP"
"8f080036e5dd4558825bdcc65ff4eeef",2022-01-24,2022-09-15,"Kommission zur Vorberatung des Berichts \"Regulierungsbremse\"","Spezialkommission","331","Arnold","Josef","Mitglied","SVP"
"7f128589bd64447bbb820565a78db802",2016-06-01,2024-05-22,"Raumplanungskommission","Ständige Kommission","6","Baumann","Kurt","Mitglied","SVP"
"be3847678f964e3199b16ea622c44dbf",2016-06-01,2020-05-20,"Raumplanungskommission","Ständige Kommission","224","Bon","David H.","Mitglied","FDP"
"8be221b035924d318045ef37b1ba4360",2020-05-20,2020-07-01,"Geschäftsprüfungs- und Finanzkommission","Ständige Kommission","354","Braun","Bernhard","Mitglied","GRÜNE"
"505a4edf9a814ad5a84ee0e667a218a7",2021-05-27,2023-01-01,"Geschäftsprüfungs- und Finanzkommission","Ständige Kommission","354","Braun","Bernhard","Mitglied","GRÜNE"
"b156dd30b2cd463ea42f34601b9b95b0",2021-05-26,2023-01-01,"GFK Subkommission DIV","Ständige Kommission","354","Braun","Bernhard","Mitglied","GRÜNE"
"2cd92c219ab1438ab574246e5c602da2",2021-08-25,2023-01-01,"GFK Subkommission TKB (DFS/DIV)","Ständige Kommission","354","Braun","Bernhard","Mitglied","GRÜNE"
"7e0f57eefc2d483f8262546ac09b4bfb",2023-10-23,2024-08-15,"Kommission Parlamentarische Initiative \"Keine Discountbussen bei Littering\"","Spezialkommission","354","Braun","Bernhard","Mitglied","GRÜNE"
"93d6c9705b7a4d05b5dc259a1abb0471",2024-05-22,9999-12-31,"Gesetzgebungs- und Redaktionskommission","Ständige Kommission","354","Braun","Bernhard","Mitglied","GRÜNE"
"47c80c5c140047dfa6df3c0118f04436",2026-03-18,9999-12-31,"Kommission für Klima, Energie und Umwelt","Ständige Kommission","411","Brenner","Martin","Mitglied","FDP"
"c008e13bb3804747952627244162933e",2008-05-28,2016-06-01,"Justizkommission","Ständige Kommission","14","Brunner","Max","Mitglied","SVP"
"f6884be2fbfb4062a772d433fc7cfe9e",2024-05-22,9999-12-31,"Kommission für Klima, Energie und Umwelt","Ständige Kommission","408","Brüllmann","Markus","Mitglied","SP und Gew."
"a7657bbd018c49239dc48c5b34af047a",2020-05-20,2022-10-06,"Raumplanungskommission","Ständige Kommission","15","Bär","Rudolf","Mitglied","Die Mitte/EVP"
"9a756dab01364205a4d8ab282b6ba581",2019-05-22,2020-05-20,"Gesetzgebungs- und Redaktionskommission","Ständige Kommission","338","Bétrisey","Karin","Beobachter/-in","GRÜNE"
"8954724739e549b398105607e00d08ef",2020-05-20,2021-01-28,"Gesetzgebungs- und Redaktionskommission","Ständige Kommission","338","Bétrisey","Karin","Mitglied","GRÜNE"
"62dcef758c1d4c45abe991b15a1596b9",2021-01-27,2024-05-22,"Raumplanungskommission","Ständige Kommission","338","Bétrisey","Karin","Mitglied","GRÜNE"
"c2222bd8b9304a1b916f3fcb15c82901",2021-07-07,2024-05-22,"Referat Kommissionensystem","Spezialkommission","338","Bétrisey","Karin","Mitglied","GRÜNE"
"d4dcddd5a5e441dc88dafe24e3356d1f",2024-05-22,9999-12-31,"Kommission für Klima, Energie und Umwelt","Ständige Kommission","338","Bétrisey","Karin","Mitglied","GRÜNE"
"0e8d4d9318a74f1aa833dca7dd2226eb",2023-07-06,2024-05-22,"Geschäftsprüfungs- und Finanzkommission","Ständige Kommission","399","Büchi","Cornelia","Mitglied","SVP"
"85da84cffef94b55b0cfbe291cf8db4a",2023-07-06,2024-05-22,"GFK Subkommission GVTG (DBU/DJS)","Ständige Kommission","399","Büchi","Cornelia","Mitglied","SVP"
"17675480c7034e2d935687e51d47083d",2023-07-06,2024-05-22,"GFK Subkommission DBU","Ständige Kommission","399","Büchi","Cornelia","Mitglied","SVP"
"8f5e910f16d54edd867481232a4bb2f0",2023-12-06,2024-11-26,"Kommission zur Vorberatung der Kantonalen VI \"Thurgauer Solarinitiative\"","Spezialkommission","399","Büchi","Cornelia","Mitglied","SVP"
"6bc415e233a74d7ead371fbfeb36c7f7",2024-05-22,9999-12-31,"Justizkommission","Ständige Kommission","399","Büchi","Cornelia","Mitglied","SVP"
"0fd7dd35382f4ba19dde918b22aa6763",2024-05-22,9999-12-31,"Kommission für Klima, Energie und Umwelt","Ständige Kommission","399","Büchi","Cornelia","Mitglied","SVP"
"f749e8dd272645efbc7db38b381c6dfb",2020-05-20,2022-10-05,"Gesetzgebungs- und Redaktionskommission","Ständige Kommission","329","Bünter","Katharina","Mitglied","Die Mitte/EVP"
"aa9ed7187ec7422ab1f309c72403d95b",2018-08-15,2020-05-20,"Geschäftsprüfungs- und Finanzkommission","Ständige Kommission","306","Diezi","Dominik","Mitglied","Die Mitte/EVP"
"4245b68b674b4ab0a9d79d44ee5324e7",2020-05-20,2022-06-01,"Geschäftsprüfungs- und Finanzkommission","Ständige Kommission","306","Diezi","Dominik","Präsidium","Die Mitte/EVP"
"d4c79053ff1b4c09ae82ebd9b203d1a1",2014-06-01,2018-08-16,"Geschäftsprüfungs- und Finanzkommission","Ständige Kommission","249","Dransfeld","Peter","Mitglied","GRÜNE"
"a76eba83279b48c7ac7d3d27d41dbc2e",2023-12-06,2024-11-26,"Kommission zur Vorberatung der Kantonalen VI \"Thurgauer Solarinitiative\"","Spezialkommission","249","Dransfeld","Peter","Mitglied","GRÜNE"
"73dd6544a2c64fb48db5f4d8dbac6cf3",2018-08-15,2022-05-18,"Geschäftsprüfungs- und Finanzkommission","Ständige Kommission","307","Eschenmoser","Hans","Mitglied","SVP"
"e1e75d6b7d7b42f8bc69d7c15542c4da",2020-05-20,2022-08-24,"GFK Subkommission DJS","Ständige Kommission","307","Eschenmoser","Hans","Mitglied","SVP"
"bcfae1fa37cd4f68b8c5bf2383016b7a",2020-05-20,2024-05-22,"GFK Subkommission GVTG (DBU/DJS)","Ständige Kommission","307","Eschenmoser","Hans","Mitglied","SVP"
"83687f08b5c64f6e9ec317326b991a42",2022-05-18,2024-05-22,"Geschäftsprüfungs- und Finanzkommission","Ständige Kommission","307","Eschenmoser","Hans","Vizepräsidium","SVP"
"ffedadec5680445080a3c634d50f1aa7",2022-08-24,2024-05-22,"GFK Subkommission DJS","Ständige Kommission","307","Eschenmoser","Hans","Präsidium","SVP"
"cb92911b35ff4793966bb368f479e0bd",2023-10-23,2024-08-15,"Kommission Parlamentarische Initiative \"Keine Discountbussen bei Littering\"","Spezialkommission","307","Eschenmoser","Hans","Mitglied","SVP"
"009f5415c45e4ff58237aed5d1462199",2024-05-22,9999-12-31,"Geschäftsprüfungs- und Finanzkommission","Ständige Kommission","307","Eschenmoser","Hans","Präsidium","SVP"
"43f85b07fbbf4dd28b81ceb4257092c4",2024-11-29,9999-12-31,"GFK Subkommission Steuerverwaltung","Ständige Kommission","307","Eschenmoser","Hans","Präsidium","SVP"
"66655ed8818a415baef72462e8dd145e",2013-06-01,2021-05-26,"Geschäftsprüfungs- und Finanzkommission","Ständige Kommission","282","Feuerle","Didi","Mitglied","GRÜNE"
"49e82d9af28f40588e362e06e12f42d0",2020-05-20,2021-05-26,"GFK Subkommission DIV","Ständige Kommission","282","Feuerle","Didi","Präsidium","GRÜNE"
"7963d8fe49e34b82896f5e5024f3ccf3",2020-05-20,2021-05-26,"GFK Subkommission TKB (DFS/DIV)","Ständige Kommission","282","Feuerle","Didi","Mitglied","GRÜNE"
"043edb01fc2045308bdf2e087206f7d7",2019-09-11,2020-05-20,"Geschäftsprüfungs- und Finanzkommission","Ständige Kommission","251","Feuz","Hans","Mitglied","Die Mitte/EVP"
"4826b115d38147c98fc2be35b651a134",2020-05-20,2024-05-22,"Raumplanungskommission","Ständige Kommission","251","Feuz","Hans","Mitglied","Die Mitte/EVP"
"e3f3eebcb98446beaddc6002e7d39631",2024-05-22,9999-12-31,"Geschäftsprüfungs- und Finanzkommission","Ständige Kommission","251","Feuz","Hans","Mitglied","Die Mitte/EVP"
"ed7464913aa04c5784e57f18fb455d4a",2024-05-22,9999-12-31,"GFK Subkommission DFS/SK","Ständige Kommission","251","Feuz","Hans","Mitglied","Die Mitte/EVP"
"4ba56c9e84944adea539211109a51a09",2024-05-22,9999-12-31,"GFK Subkommission PHTG (DEK/DFS)","Ständige Kommission","251","Feuz","Hans","Mitglied","Die Mitte/EVP"
"611768d60b204935aed1449da53ef559",2024-05-22,9999-12-31,"GFK Subkommission TKB (DFS/DIV)","Ständige Kommission","251","Feuz","Hans","Mitglied","Die Mitte/EVP"
"b420143ac9e64779b0fd607c4df80cbb",2024-11-29,9999-12-31,"GFK Subkommission Steuerverwaltung","Ständige Kommission","251","Feuz","Hans","Mitglied","Die Mitte/EVP"
"63da920244f64488bee10d3a6fd5028e",2021-07-07,2024-05-22,"Referat Kommissionensystem","Spezialkommission","252","Fisch","Ueli","Mitglied","GLP"
"9d05dd1799174dbf90710181e3c60efd",2022-01-06,2024-05-22,"Fachkommission GOGR 2024","Spezialkommission","252","Fisch","Ueli","Mitglied","GLP"
"7cb1c256801148a99f9b80ca44da6c6b",2020-05-20,2023-01-01,"Justizkommission","Ständige Kommission","25","Forrer","Roger","Mitglied","SVP"
"66830b9af7394e14882dd7624f0fd03c",2016-06-01,2022-08-01,"Geschäftsprüfungs- und Finanzkommission","Ständige Kommission","189","Frischknecht","Daniel","Mitglied",""
"a8576110f4f64750bff0af8d4975cb8e",2014-06-01,2016-06-01,"Justizkommission","Ständige Kommission","189","Frischknecht","Daniel","Mitglied",""
"08cf0713c6e44abe81c455c52d196aad",2020-05-20,2022-08-01,"GFK Subkommission DJS","Ständige Kommission","189","Frischknecht","Daniel","Mitglied",""
"cb88a74c8ccd42488d74e64a471e6826",2020-05-20,2022-08-01,"GFK Subkommission GVTG (DBU/DJS)","Ständige Kommission","189","Frischknecht","Daniel","Mitglied",""
"a9a0506396c34ab3b37c73a1e6987e1a",2021-07-07,2022-08-01,"Referat Kommissionensystem","Spezialkommission","189","Frischknecht","Daniel","Mitglied",""
"23df1b1739a14f5aac748fdcf5df8654",2023-10-23,2024-08-15,"Kommission Parlamentarische Initiative \"Keine Discountbussen bei Littering\"","Spezialkommission","393","Fäsi","Christina ","Mitglied","Die Mitte/EVP"
"9d192e80e85a4798bbf69221865b40b4",2023-10-23,2024-05-22,"Kommission Parlamentarische Initiative \"Keine Discountbussen bei Littering\"","Spezialkommission","403","Giger-Lehmann","Renate","Mitglied","GLP"
"c4c1304014c1405894028ed77468787b",2023-11-07,2024-05-22,"Gesetzgebungs- und Redaktionskommission","Ständige Kommission","403","Giger-Lehmann","Renate","Beobachter/-in","GLP"
"89b0f25f191848a68acb8af9f60fb508",2014-08-01,2016-06-01,"Geschäftsprüfungs- und Finanzkommission","Ständige Kommission","31","Grau-Lanz","Heidi","Präsidium","FDP"
"89b050ee6f434e428c297bece0f38e3a",2016-06-01,2016-08-17,"Geschäftsprüfungs- und Finanzkommission","Ständige Kommission","31","Grau-Lanz","Heidi","Mitglied","FDP"
"0ab5e009ac7b4d548fade8a2cb58d807",2014-11-19,2016-06-01,"Gesetzgebungs- und Redaktionskommission","Ständige Kommission","286","Günter","Doris","Mitglied","Die Mitte/EVP"
"13903abcc3fa4401bd0b49c565215247",2016-06-01,2023-03-02,"Justizkommission","Ständige Kommission","294","Haller","Hansjörg","Mitglied","Die Mitte/EVP"
"c4638538e92444c9921f784d0b53c0f6",2022-01-24,2022-09-15,"Kommission zur Vorberatung des Berichts \"Regulierungsbremse\"","Spezialkommission","294","Haller","Hansjörg","Mitglied","Die Mitte/EVP"
"80dccba4b54e415cb3f570c552b2f7e7",2022-03-03,2024-05-22,"Gesetzgebungs- und Redaktionskommission","Ständige Kommission","389","Hanhart-Hugentobler","Erika","Mitglied","GRÜNE"
"eff602a18a3d4be5be74044794d2384a",2023-12-04,2024-05-22,"Kommission Parlamentarische Initiative \"Keine Discountbussen bei Littering\"","Spezialkommission","389","Hanhart-Hugentobler","Erika","Mitglied","GRÜNE"
"ed5b4972a681406b8167c977043f9e98",2019-01-31,2019-02-28,"Geschäftsprüfungs- und Finanzkommission","Ständige Kommission","35","Hartmann","Brigitta","Mitglied","GRÜNE"
"72b48791cbe740c5a06e5b13511d659d",2014-06-01,2019-01-31,"Geschäftsprüfungs- und Finanzkommission","Ständige Kommission","35","Hartmann","Brigitta","Mitglied","GRÜNE"
"3c5134c3079a45acaeffe09542cf6eb2",2016-06-01,2021-05-26,"Gesetzgebungs- und Redaktionskommission","Ständige Kommission","309","Heeb","Hanspeter","Beobachter/-in","GLP"
"79e8285e626e42b3afdca00f4dd556df",2021-05-26,2023-08-01,"Justizkommission","Ständige Kommission","309","Heeb","Hanspeter","Mitglied","GLP"
"01ee291285af43958a77f3365cbc923c",2024-05-22,9999-12-31,"Justizkommission","Ständige Kommission","401","Hug","Celina","Beobachter/-in","GLP"
"d4fb3e210f1b42efa35a053d26296de7",2018-07-01,2020-05-20,"Geschäftsprüfungs- und Finanzkommission","Ständige Kommission","42","Hugentobler","Walter","Präsidium","SP und Gew."
"d3262cac0a6d4799b6e15624a99039b2",2012-06-01,2018-07-01,"Geschäftsprüfungs- und Finanzkommission","Ständige Kommission","42","Hugentobler","Walter","Mitglied","SP und Gew."
"9f2b32bc46f24340a4364c2f623ef842",2020-05-20,9999-12-31,"Justizkommission","Ständige Kommission","350","Häberli","Jürgen","Mitglied","SVP"
"f89cd881991946ff9dcec5b0fcaf2bdb",2019-05-01,2021-07-01,"Justizkommission","Ständige Kommission","310","Imeri","Alban","Mitglied","SP und Gew."
"616e3572601f4967ad52d6e0827d064b",2023-12-06,2024-11-26,"Kommission zur Vorberatung der Kantonalen VI \"Thurgauer Solarinitiative\"","Spezialkommission","332","Imhof","Kilian","Präsidium","Die Mitte/EVP"
"7e24908f5a954ff19aa6cb32147ceebf",2024-05-22,9999-12-31,"Justizkommission","Ständige Kommission","332","Imhof","Kilian","Mitglied","Die Mitte/EVP"
"fe123cdd29504810b713f30e4eca0c22",2010-05-26,2021-01-28,"Raumplanungskommission","Ständige Kommission","216","Kappeler","Toni","Mitglied","GRÜNE"
"100af3ce293b4a06ae384590de6a9ff7",2016-06-01,2024-05-22,"Gesetzgebungs- und Redaktionskommission","Ständige Kommission","299","Kaufmann","Brigitte","Mitglied","FDP"
"7e081e7b9ece4a2c9a22e8ef06708211",2019-07-03,2021-08-01,"Geschäftsprüfungs- und Finanzkommission","Ständige Kommission","299","Kaufmann","Brigitte","Mitglied","FDP"
"745ec259f0e54536b868cb34e0ee28ed",2020-05-20,2021-08-01,"GFK Subkommission DIV","Ständige Kommission","299","Kaufmann","Brigitte","Mitglied","FDP"
"73d40c6c462a40619aa0e047cdf876ef",2020-05-20,2021-08-01,"GFK Subkommission TKB (DFS/DIV)","Ständige Kommission","299","Kaufmann","Brigitte","Mitglied","FDP"
"67ef4f0763d043fe9bc4b0d1781c499f",2021-04-19,2021-05-26,"Ratsbüro Subkommission","Ratsbüro","299","Kaufmann","Brigitte","Mitglied","FDP"
"7dcdba19119e4906bc9539e1525893fe",2021-05-26,2022-05-18,"Ratsbüro Subkommission","Ratsbüro","299","Kaufmann","Brigitte","Präsidium","FDP"
"d790c49493a04437be894be3890c7a4e",2021-07-07,2024-05-22,"Referat Kommissionensystem","Spezialkommission","299","Kaufmann","Brigitte","Präsidium","FDP"
"7b90104aeb5c48779c46e110233e106e",2022-01-06,2024-05-22,"Fachkommission GOGR 2024","Spezialkommission","299","Kaufmann","Brigitte","Mitglied","FDP"
"65398e96ad0543c4b6a697545e1fd06d",2022-01-24,2022-09-15,"Kommission zur Vorberatung des Berichts \"Regulierungsbremse\"","Spezialkommission","299","Kaufmann","Brigitte","Mitglied","FDP"
"7930f782399648c286971a7126a8d2c2",2020-05-20,9999-12-31,"Geschäftsprüfungs- und Finanzkommission","Ständige Kommission","360","Keller","Heinz","Mitglied","SVP"
"8395c5912b974d059ce70f6eacf2ffe4",2020-05-20,9999-12-31,"GFK Subkommission DEK","Ständige Kommission","360","Keller","Heinz","Mitglied","SVP"
"04bda86bfc2141cb857965d9bd39eca1",2020-05-20,9999-12-31,"GFK Subkommission PHTG (DEK/DFS)","Ständige Kommission","360","Keller","Heinz","Mitglied","SVP"
"a6013e2eefb64455a9e30368d39d349d",2014-06-01,2019-05-01,"Justizkommission","Ständige Kommission","228","Koch","Christian","Präsidium","SP und Gew."
"0902c2fb131c4426abe5ff239003ada1",2021-08-01,9999-12-31,"GFK Subkommission DBU","Ständige Kommission","228","Koch","Christian","Präsidium","SP und Gew."
"98ab1ab7b45e45be82a58d807e930d7e",2021-08-01,9999-12-31,"GFK Subkommission GVTG (DBU/DJS)","Ständige Kommission","228","Koch","Christian","Mitglied","SP und Gew."
"2b35561dd2d543a68086b0a78b2dc75f",2021-08-01,2024-05-22,"Geschäftsprüfungs- und Finanzkommission","Ständige Kommission","228","Koch","Christian","Mitglied","SP und Gew."
"84054574a992480496ed48064e149fe6",2023-10-23,2024-08-15,"Kommission Parlamentarische Initiative \"Keine Discountbussen bei Littering\"","Spezialkommission","228","Koch","Christian","Mitglied","SP und Gew."
"a067f308a629475b93dc2f3b83c7cb3d",2024-05-22,9999-12-31,"Geschäftsprüfungs- und Finanzkommission","Ständige Kommission","228","Koch","Christian","Vizepräsidium","SP und Gew."
"22eefc4c44754922aaddcad5106002f2",2024-11-29,9999-12-31,"GFK Subkommission Steuerverwaltung","Ständige Kommission","228","Koch","Christian","Mitglied","SP und Gew."
"c5ecba659e814c17a8c4efb0a481049c",2025-03-12,2025-09-09,"GFK Subkommission ADP","Ständige Kommission","228","Koch","Christian","Präsidium","SP und Gew."
"a44359a7c32f432b8594815ea0cdebef",2023-10-23,2023-12-04,"Kommission Parlamentarische Initiative \"Keine Discountbussen bei Littering\"","Spezialkommission","394","Kreier","Matthias","Mitglied","GRÜNE"
"f8a13ee2bcb44390ab3453af64174757",2014-06-01,2023-05-18,"Geschäftsprüfungs- und Finanzkommission","Ständige Kommission","199","Lei","Hermann","Mitglied","SVP"
"16b7a72be9d543ca866b7ca8a264f434",2020-05-20,2022-08-24,"GFK Subkommission DJS","Ständige Kommission","199","Lei","Hermann","Präsidium","SVP"
"ea42c0924c91481c9e4f3d9ba98b31e4",2020-05-20,2023-05-18,"GFK Subkommission GVTG (DBU/DJS)","Ständige Kommission","199","Lei","Hermann","Mitglied","SVP"
"5412bc3e24944c4585933457a6a1cd50",2022-08-24,2023-05-18,"GFK Subkommission DJS","Ständige Kommission","199","Lei","Hermann","Mitglied","SVP"
"c3deeb7e816a4bc1b911d656bb8434e1",2021-04-19,2024-05-22,"Ratsbüro Subkommission","Ratsbüro","65","Lüscher","Bruno","Mitglied","FDP"
"05c4359fe9b246f79a37223027be3903",2021-07-07,2024-05-22,"Referat Kommissionensystem","Spezialkommission","65","Lüscher","Bruno","Mitglied","FDP"
"9b9b69e9740e4a0b9d4fa173cc87a9f4",2022-01-06,2024-05-22,"Fachkommission GOGR 2024","Spezialkommission","65","Lüscher","Bruno","Mitglied","FDP"
"b0f1d67ce2364d4e80cfaa4417ac7338",2023-10-23,2024-05-22,"Kommission Parlamentarische Initiative \"Keine Discountbussen bei Littering\"","Spezialkommission","65","Lüscher","Bruno","Mitglied","FDP"
"5edd11fcfccd4a488c5cd676adad54cd",2023-10-23,2024-08-15,"Kommission Parlamentarische Initiative \"Keine Discountbussen bei Littering\"","Spezialkommission","362","Marolf","Jürg","Mitglied","Die Mitte/EVP"
"e06d4c16ad8a4224b31e25dad5f31673",2024-05-22,9999-12-31,"Gesetzgebungs- und Redaktionskommission","Ständige Kommission","362","Marolf","Jürg","Mitglied","Die Mitte/EVP"
"063a948c3e8f4dabb506b36707bb4953",2012-06-01,2019-05-01,"Justizkommission","Ständige Kommission","200","Martin","Urs","Mitglied","SVP"
"1077eff705724fd6bf3c6431978716f1",2019-05-01,2020-05-20,"Justizkommission","Ständige Kommission","200","Martin","Urs","Präsidium","SVP"
"64dc082788a34eff987d2d3d11639146",2023-07-05,2024-05-22,"Justizkommission","Ständige Kommission","364","Merz-Helg","Petra","Mitglied","Die Mitte/EVP"
"13880d5a3f1d4fc9912e7c3320ff1f3d",2012-06-01,2020-05-20,"Justizkommission","Ständige Kommission","202","Meyer","Robert","Mitglied","GLP"
"1b01e6501d3444228c044b4436beefaf",2020-05-20,2020-07-01,"Justizkommission","Ständige Kommission","202","Meyer","Robert","Beobachter/-in","GLP"
"ef8563bfa6594468bac8e2022840d9aa",2020-07-01,2021-05-26,"Justizkommission","Ständige Kommission","202","Meyer","Robert","Mitglied","GLP"
"6ac4a907ed244b949dcaaa20a3104ed7",2021-05-26,2023-01-01,"Gesetzgebungs- und Redaktionskommission","Ständige Kommission","202","Meyer","Robert","Beobachter/-in","GLP"
"6d899134d6b745c4b77fde7b7e0d2e1b",2009-09-28,2016-06-01,"Raumplanungskommission","Ständige Kommission","70","Müller","Gallus","Mitglied","Die Mitte/EVP"
"515db18fc5e149f5b146a9296b5e73af",2021-07-07,2022-12-01,"Referat Kommissionensystem","Spezialkommission","70","Müller","Gallus","Mitglied","Die Mitte/EVP"
"1a22dc63372842ed90e1e3b376be1d35",2020-01-22,9999-12-31,"Geschäftsprüfungs- und Finanzkommission","Ständige Kommission","314","Müller","Mathis","Mitglied","GRÜNE"
"96732b86bd3940cbb8caa007545461fd",2020-05-20,9999-12-31,"GFK Subkommission DBU","Ständige Kommission","314","Müller","Mathis","Mitglied","GRÜNE"
"bb808a7c4c09447f9ac63ff45d4a86d3",2020-05-20,9999-12-31,"GFK Subkommission GVTG (DBU/DJS)","Ständige Kommission","314","Müller","Mathis","Präsidium","GRÜNE"
"b4f1281463eb4cec9c21dbbec4393d2e",2025-03-12,2025-09-09,"GFK Subkommission ADP","Ständige Kommission","314","Müller","Mathis","Mitglied","GRÜNE"
"9a59e868d6874293968fe2c59c798a9f",2022-01-24,2022-09-15,"Kommission zur Vorberatung des Berichts \"Regulierungsbremse\"","Spezialkommission","344","Müller-Altwegg","Isabelle","Mitglied","SVP"
"3d7521c333df40128c700df7ff6fd2c7",2022-08-01,2024-05-22,"Geschäftsprüfungs- und Finanzkommission","Ständige Kommission","366","Neuweiler","Denise","Mitglied","SVP"
"d81ffe0ba6704ac78fcf0e93b37b507e",2022-08-24,2024-05-22,"GFK Subkommission DFS/SK","Ständige Kommission","366","Neuweiler","Denise","Mitglied","SVP"
"105e2ed6d0ab4e319cb2490e95a5ca59",2022-08-24,2024-05-22,"GFK Subkommission PHTG (DEK/DFS)","Ständige Kommission","366","Neuweiler","Denise","Mitglied","SVP"
"dfc3d56bfac040de85af38b4fad38d22",2022-08-24,2024-05-22,"GFK Subkommission TKB (DFS/DIV)","Ständige Kommission","366","Neuweiler","Denise","Mitglied","SVP"
"1af50fc3326d47529ea3ed854d5666a6",2004-05-26,2024-05-22,"Gesetzgebungs- und Redaktionskommission","Ständige Kommission","77","Nägeli","Willy","Mitglied","SVP"
"8939921f2d3c47b599aeee492f16d803",2020-05-20,2023-10-01,"Raumplanungskommission","Ständige Kommission","335","Pagnoncini","Christina","Mitglied","GLP"
"40972e89915948b9b91ef1d3ae7b4427",2021-07-07,2023-10-01,"Referat Kommissionensystem","Spezialkommission","335","Pagnoncini","Christina","Mitglied","GLP"
"128d9049911f43cbb792b748183f124b",2020-05-20,9999-12-31,"Geschäftsprüfungs- und Finanzkommission","Ständige Kommission","343","Pasche-Strasser","Corinna","Mitglied","Die Mitte/EVP"
"07efcd307d784e508e4946fc91bd6f85",2020-05-20,9999-12-31,"GFK Subkommission DIV","Ständige Kommission","343","Pasche-Strasser","Corinna","Präsidium","Die Mitte/EVP"
"8eb5f43a0a364b028435c47cb2b6ae98",2020-05-20,9999-12-31,"GFK Subkommission TKB (DFS/DIV)","Ständige Kommission","343","Pasche-Strasser","Corinna","Mitglied","Die Mitte/EVP"
"64acad264f8d4a9a88f89933876da2b3",2022-01-24,2022-09-15,"Kommission zur Vorberatung des Berichts \"Regulierungsbremse\"","Spezialkommission","368","Pfiffner Müller","Martina","Mitglied","FDP"
"6bb6b0e3fc85486a95485ab58ca20c49",2024-05-22,2026-02-01,"Geschäftsprüfungs- und Finanzkommission","Ständige Kommission","368","Pfiffner Müller","Martina","Mitglied","FDP"
"74e464cd5fc7403e8e050a7cf8219de6",2024-05-22,2026-02-01,"GFK Subkommission DEK","Ständige Kommission","368","Pfiffner Müller","Martina","Mitglied","FDP"
"aed3bdb34e304260ae737d88c169a718",2024-05-22,2026-02-01,"GFK Subkommission PHTG (DEK/DFS)","Ständige Kommission","368","Pfiffner Müller","Martina","Mitglied","FDP"
"526ffd5645d94da29ac144942c9d4820",2024-05-22,9999-12-31,"Geschäftsprüfungs- und Finanzkommission","Ständige Kommission","406","Preiss","Marcel","Mitglied","GLP"
"db8e750b50d54c6cab0cd2a7c3114505",2024-05-22,9999-12-31,"GFK Subkommission DJS","Ständige Kommission","406","Preiss","Marcel","Mitglied","GLP"
"9908799bba32472b9edd4620702afb84",2024-05-22,9999-12-31,"GFK Subkommission GVTG (DBU/DJS)","Ständige Kommission","406","Preiss","Marcel","Mitglied","GLP"
"04db269f32714e3c80ec2bb209c92daa",2025-03-12,2025-09-09,"GFK Subkommission ADP","Ständige Kommission","406","Preiss","Marcel","Mitglied","GLP"
"c9e7baac67504ab9abc0b2a212f9d265",2012-06-01,2022-05-19,"Justizkommission","Ständige Kommission","231","Pretali","Beat","Mitglied","FDP"
"5625765fa1c34a9aa683fa241572a681",2021-07-07,2024-05-22,"Referat Kommissionensystem","Spezialkommission","369","Reinhart","Sandra","Mitglied","GRÜNE"
"a54f6de371ad4fa6afbc37d63e482297",2023-01-01,2025-09-29,"Geschäftsprüfungs- und Finanzkommission","Ständige Kommission","369","Reinhart","Sandra","Mitglied","GRÜNE"
"14d1bdbdf1694417b3737873840643b0",2023-01-01,2025-09-29,"GFK Subkommission DIV","Ständige Kommission","369","Reinhart","Sandra","Mitglied","GRÜNE"
"13440e3cd5cc433cbbc179ccd3e4d759",2023-01-01,2025-09-29,"GFK Subkommission TKB (DFS/DIV)","Ständige Kommission","369","Reinhart","Sandra","Mitglied","GRÜNE"
"1f4bb73b9803420aaacf172f6ce5fdf1",2016-08-17,2024-05-22,"Geschäftsprüfungs- und Finanzkommission","Ständige Kommission","317","Rüedi","Beat","Mitglied","FDP"
"108a502cebde453ba36449f76e4511ac",2020-05-20,2022-08-24,"GFK Subkommission DJS","Ständige Kommission","317","Rüedi","Beat","Mitglied","FDP"
"df5b52f6dde14bd3b8393a2e60f0922d",2020-05-20,2022-08-24,"GFK Subkommission GVTG (DBU/DJS)","Ständige Kommission","317","Rüedi","Beat","Mitglied","FDP"
"9f194f95347f4ad6b97539f661588198",2022-08-24,2024-05-22,"GFK Subkommission DFS/SK","Ständige Kommission","317","Rüedi","Beat","Präsidium","FDP"
"101d5133fc0c4282b99a9047d84d7ace",2022-08-24,2024-05-22,"GFK Subkommission PHTG (DEK/DFS)","Ständige Kommission","317","Rüedi","Beat","Mitglied","FDP"
"e4cfa6c4967b4663b59d194d46ecbcdf",2022-08-24,2024-05-22,"GFK Subkommission TKB (DFS/DIV)","Ständige Kommission","317","Rüedi","Beat","Präsidium","FDP"
"68ce7c3410c04ec9b5b78f92348695fc",2022-01-24,2022-09-15,"Kommission zur Vorberatung des Berichts \"Regulierungsbremse\"","Spezialkommission","284","Rüegg","Jost","Mitglied","GRÜNE"
"ddf0b26876124b4c9af597939b45ad1d",2023-12-06,2024-05-03,"Kommission zur Vorberatung der Kantonalen VI \"Thurgauer Solarinitiative\"","Spezialkommission","381","Rüegg","Marco","Mitglied","GLP"
"e8bce0936d764593a90c8115d2ed9ea3",2015-01-07,2020-05-20,"Justizkommission","Ständige Kommission","237","Rüetschi","Gina","Mitglied","GRÜNE"
"acfba2d08e704bc0b6ce3a708fe74554",2021-01-27,2022-03-03,"Gesetzgebungs- und Redaktionskommission","Ständige Kommission","237","Rüetschi","Gina","Mitglied","GRÜNE"
"46a6a36e2d6c4ffe95d01cadd05c1a29",2021-07-07,2022-03-03,"Referat Kommissionensystem","Spezialkommission","237","Rüetschi","Gina","Mitglied","GRÜNE"
"3960f34b051347ca8c232e3629e44658",2016-06-01,2019-06-30,"Raumplanungskommission","Ständige Kommission","269","Salvisberg","Martin","Mitglied","SVP"
"19bceab1a14442ad839942f6e9638e5f",2019-06-30,2019-07-03,"Raumplanungskommission","Ständige Kommission","269","Salvisberg","Martin","Mitglied","SVP"
"0b633384e06f49d39b1748f26bf0fd10",2019-02-27,9999-12-31,"Geschäftsprüfungs- und Finanzkommission","Ständige Kommission","269","Salvisberg","Martin","Mitglied","SVP"
"496d70928b4947fbb205ad2e92561928",2020-05-20,9999-12-31,"GFK Subkommission DIV","Ständige Kommission","269","Salvisberg","Martin","Mitglied","SVP"
"c1c9cfdb31c94255b9838c34cf8c2747",2020-05-20,9999-12-31,"GFK Subkommission TKB (DFS/DIV)","Ständige Kommission","269","Salvisberg","Martin","Mitglied","SVP"
"bf4e581e18204e768e27efb136985fbc",2022-01-24,2022-09-15,"Kommission zur Vorberatung des Berichts \"Regulierungsbremse\"","Spezialkommission","269","Salvisberg","Martin","Präsidium","SVP"
"b3cb2a979a6f45b2b266dbd310a145f9",2025-03-12,2025-09-09,"GFK Subkommission ADP","Ständige Kommission","269","Salvisberg","Martin","Mitglied","SVP"
"cec51e431120474585e14bdad789419e",2023-10-23,2024-08-15,"Kommission Parlamentarische Initiative \"Keine Discountbussen bei Littering\"","Spezialkommission","318","Schenk","Peter","Beobachter/-in","EDU/Aufrecht"
"34b217bb20ce4a4da12d676e6f1701ab",2023-12-06,2024-11-26,"Kommission zur Vorberatung der Kantonalen VI \"Thurgauer Solarinitiative\"","Spezialkommission","318","Schenk","Peter","Beobachter/-in","EDU/Aufrecht"
"60f353ddae6a4f669c1edeb24a283cf4",2024-05-22,2026-04-01,"Justizkommission","Ständige Kommission","318","Schenk","Peter","Mitglied","EDU/Aufrecht"
"3d8d946892fd4bbb8e205e348a6daf36",2022-01-24,2022-09-15,"Kommission zur Vorberatung des Berichts \"Regulierungsbremse\"","Spezialkommission","322","Schmid","Pascal","Mitglied","SVP"
"98496188e5dd40789f67486a4b47de67",2020-05-20,2022-08-01,"Geschäftsprüfungs- und Finanzkommission","Ständige Kommission","271","Schrepfer","Urs","Mitglied","SVP"
"74fb93bf45294c709365979ff0793349",2020-05-20,2022-08-01,"GFK Subkommission DEK","Ständige Kommission","271","Schrepfer","Urs","Mitglied","SVP"
"93edf2d9335a4535b0e7477a0e9161b8",2020-05-20,2022-08-01,"GFK Subkommission PHTG (DEK/DFS)","Ständige Kommission","271","Schrepfer","Urs","Mitglied","SVP"
"e824e9277b7940ff8ac2f8fdda00d126",2023-08-01,2023-11-01,"Justizkommission","Ständige Kommission","372","Schäfer","Jorim","Mitglied","GLP"
"e5ea592110b4488e82b9df49587b72e1",2021-07-07,2024-05-22,"Referat Kommissionensystem","Spezialkommission","321","Stark","Hans","Mitglied","SVP"
"41c25801dce045de948468d306f9bba7",2023-12-06,2024-11-26,"Kommission zur Vorberatung der Kantonalen VI \"Thurgauer Solarinitiative\"","Spezialkommission","321","Stark","Hans","Mitglied","SVP"
"7850a6c2ee12475e85ab8abc24484a98",2024-05-22,9999-12-31,"Kommission für Klima, Energie und Umwelt","Ständige Kommission","321","Stark","Hans","Mitglied","SVP"
"a645390038db461e8ea49f1ff040c26c",2016-06-01,2022-10-27,"Raumplanungskommission","Ständige Kommission","295","Steiger Eggli","Christine","Mitglied","SP und Gew."
"dedfd23276024060a9a6117e0d7c9774",2018-08-15,2021-08-01,"Geschäftsprüfungs- und Finanzkommission","Ständige Kommission","295","Steiger Eggli","Christine","Mitglied","SP und Gew."
"bcbd98c506104d45b9fb6ac600c1aa93",2020-05-20,2021-08-01,"GFK Subkommission DBU","Ständige Kommission","295","Steiger Eggli","Christine","Präsidium","SP und Gew."
"2e44ba26f65b4c519078bcbe460f372f",2020-05-20,2021-08-01,"GFK Subkommission GVTG (DBU/DJS)","Ständige Kommission","295","Steiger Eggli","Christine","Mitglied","SP und Gew."
"100dba495f4044b5b49b0d8b27f9474a",2021-07-07,2024-05-22,"Referat Kommissionensystem","Spezialkommission","102","Stokholm","Anders","Mitglied","FDP"
"d7d53b720d9246e28c34405a67e4f2ea",2024-05-22,9999-12-31,"Kommission für Klima, Energie und Umwelt","Ständige Kommission","407","Stump","Beat","Mitglied","SVP"
"0e5679cbf5f04a1893abe235af4cf2d2",2012-06-01,2016-06-01,"Raumplanungskommission","Ständige Kommission","230","Thalmann","Thomas","Mitglied","SVP"
"1941a3deea99482e8c96fc37881e3f16",2012-06-01,2022-06-01,"Geschäftsprüfungs- und Finanzkommission","Ständige Kommission","273","Vietze","Kristiane","Mitglied","FDP"
"519a46b57c6f4dc4949975118e244faf",2020-05-20,2022-08-25,"GFK Subkommission DFS/SK","Ständige Kommission","273","Vietze","Kristiane","Präsidium","FDP"
"31cd9dce6056422f8e2b8230eaece2da",2020-05-20,2022-08-25,"GFK Subkommission TKB (DFS/DIV)","Ständige Kommission","273","Vietze","Kristiane","Präsidium","FDP"
"d24ec579f4fd47efaf8ac472b88884b1",2020-05-20,2022-08-25,"GFK Subkommission PHTG (DEK/DFS)","Ständige Kommission","273","Vietze","Kristiane","Mitglied","FDP"
"64790d3ee057438e9250ee71aaeb8761",2022-06-01,2024-05-22,"Geschäftsprüfungs- und Finanzkommission","Ständige Kommission","273","Vietze","Kristiane","Präsidium","FDP"
"05d77c29dae1442bbb7330af010ba632",2016-06-01,2020-05-20,"Justizkommission","Ständige Kommission","117","Vonlanthen","Andrea","Mitglied","SVP"
"52360076def34a8ebf1f202a76ec8a61",2025-09-29,9999-12-31,"GFK Subkommission DIV","Ständige Kommission","376","Weilenmann","Simon","Mitglied","GRÜNE"
"866a3b48afe34c9e8ef741184d93c617",2025-09-29,9999-12-31,"GFK Subkommission TKB (DFS/DIV)","Ständige Kommission","376","Weilenmann","Simon","Mitglied","GRÜNE"
"0c471f23682b4cdcb7175c4eb4fdbaa4",2025-09-29,9999-12-31,"Geschäftsprüfungs- und Finanzkommission","Ständige Kommission","376","Weilenmann","Simon","Mitglied","GRÜNE"
"f29f8602c44d4c2b90dd16c93f8d7c1a",2023-04-19,2024-05-22,"Justizkommission","Ständige Kommission","351","Wenger","Andreas","Mitglied","FDP"
"fab8721cf15a47bd8899d4b3b9547bd3",2023-10-23,2024-08-15,"Kommission Parlamentarische Initiative \"Keine Discountbussen bei Littering\"","Spezialkommission","351","Wenger","Andreas","Mitglied","FDP"
"a5e603e264774354b0049bd810ffd92c",2024-05-22,2026-04-01,"Raumplanungskommission","Ständige Kommission","351","Wenger","Andreas","Mitglied","FDP"
"3685b01198a14b1a9c577f09ca7170bf",2016-08-17,2020-05-20,"Raumplanungskommission","Ständige Kommission","132","Wiesmann Schätzle","Sonja","Mitglied","SP und Gew."
"4b4be2eff56a4697b6ee1f70fd088eb3",2021-07-07,2024-05-22,"Referat Kommissionensystem","Spezialkommission","132","Wiesmann Schätzle","Sonja","Mitglied","SP und Gew."
"227a3ade0a7f4bdcb2d3dea661ef5ec2",2022-12-21,2024-05-22,"Raumplanungskommission","Ständige Kommission","132","Wiesmann Schätzle","Sonja","Mitglied","SP und Gew."
"38b25fafa28040778852a2bbe32355c2",2024-05-22,9999-12-31,"Raumplanungskommission","Ständige Kommission","341","Wolfer","Simon","Mitglied","Die Mitte/EVP"
"1889788b4dd34c5c94c83643cb4846ca",2016-06-01,2020-05-20,"Justizkommission","Ständige Kommission","276","Wüst-Singer","Iwan","Beobachter/-in",""
"f23b443381014b79940f39e16c0a170d",2020-05-20,2024-05-22,"Justizkommission","Ständige Kommission","276","Wüst-Singer","Iwan","Präsidium",""
"9ad213f1a5374a7e880c4d87d8fdce00",2022-01-24,2022-09-15,"Kommission zur Vorberatung des Berichts \"Regulierungsbremse\"","Spezialkommission","276","Wüst-Singer","Iwan","Beobachter/-in",""
"ad1ea8e7aeb3433dba82114ccdf90b8f",2012-06-01,2024-05-22,"Justizkommission","Ständige Kommission","128","Zahnd","Robert","Mitglied","SVP"
"52f5fed40fae4aab94b623e98e5749fb",2016-06-01,2022-08-01,"Geschäftsprüfungs- und Finanzkommission","Ständige Kommission","208","Zahnd","Vico","Mitglied","SVP"
"d01b0e2024bd459b8f4caa762e36bd77",2020-05-20,2022-08-01,"GFK Subkommission DFS/SK","Ständige Kommission","208","Zahnd","Vico","Mitglied","SVP"
"541f3cefdab04a18b801726d8654944c",2020-05-20,2022-08-01,"GFK Subkommission TKB (DFS/DIV)","Ständige Kommission","208","Zahnd","Vico","Mitglied","SVP"
"6cf3191826ee4e3786bc30ef6c8a92b5",2020-05-20,2022-08-01,"GFK Subkommission PHTG (DEK/DFS)","Ständige Kommission","208","Zahnd","Vico","Mitglied","SVP"
"6057ff474160410bb9d4184ccaef6109",2016-06-01,2020-05-20,"Justizkommission","Ständige Kommission","326","Zecchinel","Cornelia","Mitglied","FDP"
"d37a21cd57654951be7e3f768e59db8d",2013-11-21,2020-05-20,"Gesetzgebungs- und Redaktionskommission","Ständige Kommission","277","Zürcher","Katharina","Mitglied","Die Mitte/EVP"
"abf2f16fe0c74a8cb6dba80ce4c615ce",2021-07-07,2024-05-22,"Referat Kommissionensystem","Spezialkommission","277","Zürcher","Katharina","Mitglied","Die Mitte/EVP"
"367dd5da70db4d1a97a21004a80bec77",2022-10-26,2024-05-22,"Gesetzgebungs- und Redaktionskommission","Ständige Kommission","277","Zürcher","Katharina","Mitglied","Die Mitte/EVP"
"e5516712d3ae442ebdc38ec3c50bd0bc",2021-07-01,2024-05-22,"Justizkommission","Ständige Kommission","283","Auer","Jacob","Mitglied","SP und Gew."
"eaedb29367314bbca38fd542809a185f",2024-05-22,9999-12-31,"Justizkommission","Ständige Kommission","283","Auer","Jacob","Vizepräsidium","SP und Gew."
"348ba714707649a89b491e5445061466",2018-01-10,2023-07-01,"Justizkommission","Ständige Kommission","305","Bühler","Peter","Mitglied","Die Mitte/EVP"
"185cc25736514a7facf8558e48a79ef6",2022-01-24,2022-09-15,"Kommission zur Vorberatung des Berichts \"Regulierungsbremse\"","Spezialkommission","305","Bühler","Peter","Mitglied","Die Mitte/EVP"
"a2fedde9d8e242f489f59c6b6626860d",2024-05-22,9999-12-31,"Gesetzgebungs- und Redaktionskommission","Ständige Kommission","421","Kradolfer","Dean","Mitglied","FDP"
"85031abbb4b44a31aa111f2a98673ce9",2019-07-03,2020-05-20,"Gesetzgebungs- und Redaktionskommission","Ständige Kommission","347","Madörin","Lukas","Mitglied","EDU/Aufrecht"
"cd88fbbcf76841b19fe4b87382a87ecf",2020-05-20,2024-05-22,"Gesetzgebungs- und Redaktionskommission","Ständige Kommission","347","Madörin","Lukas","Beobachter/-in","EDU/Aufrecht"
"6fe86cef4765464ba8d83e3acf4b6a94",2026-04-29,9999-12-31,"Justizkommission","Ständige Kommission","347","Madörin","Lukas","Mitglied","EDU/Aufrecht"
"649a6d2a60034b3884e7d85d35ae0542",2024-05-22,9999-12-31,"Kommission für Klima, Energie und Umwelt","Ständige Kommission","392","Siegenthaler","Patrick","Vizepräsidium","Die Mitte/EVP"
"e261c3c014734caa9c09a9cd9db6f853",2019-07-03,9999-12-31,"Geschäftsprüfungs- und Finanzkommission","Ständige Kommission","348","Wyss","Roland","Mitglied","Die Mitte/EVP"
"f69349fe92af4d728c79f5b699d33c3f",2020-05-20,9999-12-31,"GFK Subkommission DEK","Ständige Kommission","348","Wyss","Roland","Präsidium","Die Mitte/EVP"
"6052c0034f934f23a7106f6eef430671",2020-05-20,9999-12-31,"GFK Subkommission PHTG (DEK/DFS)","Ständige Kommission","348","Wyss","Roland","Präsidium","Die Mitte/EVP"
"20a097c5cd52404daec785fc226804fe",2022-10-27,9999-12-31,"Raumplanungskommission","Ständige Kommission","290","Rickenbach","Elisabeth","Mitglied","Die Mitte/EVP"
"d78ca468cc184962bf5d0bc77282abae",2023-12-06,2024-11-26,"Kommission zur Vorberatung der Kantonalen VI \"Thurgauer Solarinitiative\"","Spezialkommission","290","Rickenbach","Elisabeth","Mitglied","Die Mitte/EVP"
"82de6dd26505438795a4bb9226f6b909",2022-03-03,2024-08-10,"Fachkommission GOGR 2024","Spezialkommission","374","Vonlanthen-Specker","Isabelle","Mitglied","GRÜNE"
"cd94ef8f9d574d8da53756989510c8c6",2024-05-22,9999-12-31,"Gesetzgebungs- und Redaktionskommission","Ständige Kommission","413","Caviezel","Christian","Beobachter/-in","EDU/Aufrecht"
"24987532c917433bae94cf1c086cb104",2013-04-17,2024-05-22,"Raumplanungskommission","Ständige Kommission","28","Gemperle","Josef","Mitglied","Die Mitte/EVP"
"906ff0de506e4c639ed746539ba6f083",2023-12-06,2024-11-26,"Kommission zur Vorberatung der Kantonalen VI \"Thurgauer Solarinitiative\"","Spezialkommission","28","Gemperle","Josef","Mitglied","Die Mitte/EVP"
"228990ffc6b540f9b21e4958b9330a0a",2024-05-22,9999-12-31,"Kommission für Klima, Energie und Umwelt","Ständige Kommission","28","Gemperle","Josef","Präsidium","Die Mitte/EVP"
"4ce7dc82f14643b5800f98a05627fbc6",2016-06-01,2024-05-22,"Raumplanungskommission","Ständige Kommission","244","Koch","Paul","Mitglied","SVP"
"48d569b83453406aacb004b65b6e5d4b",2024-05-22,9999-12-31,"Kommission für Klima, Energie und Umwelt","Ständige Kommission","244","Koch","Paul","Mitglied","SVP"
"08bdec6209634dfbbca1ee20e8165351",2024-05-22,9999-12-31,"Raumplanungskommission","Ständige Kommission","244","Koch","Paul","Vizepräsidium","SVP"
"826e99cc47ce45c0a31925668e05231c",2020-03-11,2024-05-22,"Geschäftsprüfungs- und Finanzkommission","Ständige Kommission","340","Nafzger","Martin","Mitglied","SP und Gew."
"fe1d6f743cc344ddb3f32e6e75d88733",2020-05-20,2024-05-22,"GFK Subkommission DFS/SK","Ständige Kommission","340","Nafzger","Martin","Mitglied","SP und Gew."
"ff9b1a378a5f46e890184d0d53fd83a8",2020-05-20,2024-05-22,"GFK Subkommission TKB (DFS/DIV)","Ständige Kommission","340","Nafzger","Martin","Mitglied","SP und Gew."
"133365ecc6c240cd87e1f3ed67becb79",2020-05-20,2024-05-22,"GFK Subkommission PHTG (DEK/DFS)","Ständige Kommission","340","Nafzger","Martin","Mitglied","SP und Gew."
"e3fb490284014e178efcdf64650395f7",2021-08-01,9999-12-31,"Geschäftsprüfungs- und Finanzkommission","Ständige Kommission","315","Opprecht","Andreas","Mitglied","FDP"
"a3e1f4a10b77418787f2aa8ecf545a6b",2021-08-25,9999-12-31,"GFK Subkommission DBU","Ständige Kommission","315","Opprecht","Andreas","Mitglied","FDP"
"43ab7f1e91e94567bd6edfe23ec3af6b",2021-08-25,9999-12-31,"GFK Subkommission GVTG (DBU/DJS)","Ständige Kommission","315","Opprecht","Andreas","Mitglied","FDP"
"6b7fcf4141d04008a31ec58b37b6b912",2025-03-12,2025-09-09,"GFK Subkommission ADP","Ständige Kommission","315","Opprecht","Andreas","Vizepräsidium","FDP"
"d57e208691b040f08d70129d6e8612aa",2023-10-23,2024-08-15,"Kommission Parlamentarische Initiative \"Keine Discountbussen bei Littering\"","Spezialkommission","390","Schildknecht","Benno","Mitglied","Die Mitte/EVP"
"e3c7fe45f59d4ba5b3849be7318f6efa",2024-05-22,9999-12-31,"Justizkommission","Ständige Kommission","390","Schildknecht","Benno","Mitglied","Die Mitte/EVP"
"a854227c12c5448ab901ab3bea60d235",2023-10-23,2024-08-15,"Kommission Parlamentarische Initiative \"Keine Discountbussen bei Littering\"","Spezialkommission","297","Schär","Urs","Mitglied","SVP"
"ce4c5fe396fe436d88196d9f946f3dfc",2024-05-22,9999-12-31,"Raumplanungskommission","Ständige Kommission","297","Schär","Urs","Mitglied","SVP"
"9ed3a952d7084d37849b8ae2212c7439",2024-05-22,9999-12-31,"Gesetzgebungs- und Redaktionskommission","Ständige Kommission","297","Schär","Urs","Mitglied","SVP"
"611aecfa3c5844ea989c51b7a4b5f400",2024-05-22,9999-12-31,"Kommission für Klima, Energie und Umwelt","Ständige Kommission","387","Stricker","Christian","Mitglied","Die Mitte/EVP"
"12133545e87f4d89a8773cf945da6ee0",2019-07-03,9999-12-31,"Raumplanungskommission","Ständige Kommission","324","Tschanen","Mathias","Mitglied","SVP"
"f6cbb67341754cfc96bad4721cf603eb",2024-05-22,9999-12-31,"Geschäftsprüfungs- und Finanzkommission","Ständige Kommission","152","Wohlfender-Oertig","Edith","Mitglied","SP und Gew."
"76ee6bb30d2848d793cf09da8644baf3",2024-05-22,9999-12-31,"GFK Subkommission DIV","Ständige Kommission","152","Wohlfender-Oertig","Edith","Mitglied","SP und Gew."
"c16af4d41b5440ce97abc2f3424b5a9f",2024-05-22,9999-12-31,"GFK Subkommission TKB (DFS/DIV)","Ständige Kommission","152","Wohlfender-Oertig","Edith","Mitglied","SP und Gew."
"eb87ae8ef95e406c8979c0a134535bf6",2026-02-01,9999-12-31,"Geschäftsprüfungs- und Finanzkommission","Ständige Kommission","428","Schönegger","Traudi","Mitglied","SP und Gew."
"d259d3dbda84431590589d4dd6532d04",2026-02-01,9999-12-31,"GFK Subkommission DEK","Ständige Kommission","428","Schönegger","Traudi","Mitglied","SP und Gew."
"9995e119945c425a91ca7514200b9cdf",2026-02-01,9999-12-31,"GFK Subkommission PHTG (DEK/DFS)","Ständige Kommission","428","Schönegger","Traudi","Mitglied","SP und Gew."
"caa6c5be052a441c9939eb97e0e3fece",2023-05-17,9999-12-31,"Gesetzgebungs- und Redaktionskommission","Ständige Kommission","396","Hess","Linda","Mitglied","SP und Gew."
"e7e8c404064843b2b13da19ad28f1bb0",2024-05-22,2026-03-18,"Kommission für Klima, Energie und Umwelt","Ständige Kommission","422","Leu","Thomas","Mitglied","FDP"
"06d5bcfc76f84f8e8a2411b8faab2f40",2026-02-01,9999-12-31,"Geschäftsprüfungs- und Finanzkommission","Ständige Kommission","422","Leu","Thomas","Mitglied","FDP"
"99ee25f878964b9283532487d81ad675",2026-02-01,9999-12-31,"GFK Subkommission DEK","Ständige Kommission","422","Leu","Thomas","Mitglied","FDP"
"8dd74666d3f142bcad7065295aa0cee1",2026-02-01,9999-12-31,"GFK Subkommission PHTG (DEK/DFS)","Ständige Kommission","422","Leu","Thomas","Mitglied","FDP"
"568d417bd9f24d5e9b039da180d3dee0",2020-05-20,2020-07-01,"Justizkommission","Ständige Kommission","302","Möckli","Gottfried","Mitglied","SVP"
"771ef57818b44430be04bdee3bd8d7fd",2023-01-01,9999-12-31,"Justizkommission","Ständige Kommission","302","Möckli","Gottfried","Mitglied","SVP"
"7df1c921535f4d16bb3b5c6c2d198742",2023-12-06,2024-11-26,"Kommission zur Vorberatung der Kantonalen VI \"Thurgauer Solarinitiative\"","Spezialkommission","365","Mühlemann","Stefan","Mitglied","SVP"
"8255aed2546c4a84a725a07ecf5b3a6b",2022-01-24,2022-09-15,"Kommission zur Vorberatung des Berichts \"Regulierungsbremse\"","Spezialkommission","333","Regli","Christoph","Mitglied","Die Mitte/EVP"
"c97fd4c6e0d54b479b4c9edc3dc1e39a",2022-05-18,9999-12-31,"Geschäftsprüfungs- und Finanzkommission","Ständige Kommission","333","Regli","Christoph","Mitglied","Die Mitte/EVP"
"2954e4e51a3a4e18869d083b8a2ab5a8",2022-08-24,9999-12-31,"GFK Subkommission DJS","Ständige Kommission","333","Regli","Christoph","Mitglied","Die Mitte/EVP"
"c2a5eb4a68644faa8af0d60ab55d50f0",2022-08-24,9999-12-31,"GFK Subkommission GVTG (DBU/DJS)","Ständige Kommission","333","Regli","Christoph","Mitglied","Die Mitte/EVP"
"f749ab9c41514538b2a05bd2b5f170a4",2025-03-12,2025-09-09,"GFK Subkommission ADP","Ständige Kommission","333","Regli","Christoph","Mitglied","Die Mitte/EVP"
"adb926404f8b48b6b311f64245fb5704",2006-05-24,2023-05-18,"Gesetzgebungs- und Redaktionskommission","Ständige Kommission","97","Senn","Norbert","Mitglied","Die Mitte/EVP"
"88aba882617e423abb3ee2b8eef5e727",2014-08-01,2020-05-20,"Geschäftsprüfungs- und Finanzkommission","Ständige Kommission","97","Senn","Norbert","Mitglied","Die Mitte/EVP"
"5f6ccd4ea2974c1fbdc78e577a6f6bcf",2021-04-19,2021-05-26,"Ratsbüro Subkommission","Ratsbüro","97","Senn","Norbert","Präsidium","Die Mitte/EVP"
"e721300f118b4c298caae1b6b2a85945",2022-01-06,2024-08-10,"Fachkommission GOGR 2024","Spezialkommission","97","Senn","Norbert","Präsidium","Die Mitte/EVP"
"7c44a427433c4e778a14e0218d2cd73f",2023-05-18,9999-12-31,"Gesetzgebungs- und Redaktionskommission","Ständige Kommission","97","Senn","Norbert","Präsidium","Die Mitte/EVP"
"301ba28641844f1598a6767d9aed0e3c",2023-01-11,2023-11-08,"Gesetzgebungs- und Redaktionskommission","Ständige Kommission","400","Sigg","Alexander","Mitglied","GLP"
"51807a59f719414492ccc6d8b190ba17",2023-10-03,2024-05-22,"Raumplanungskommission","Ständige Kommission","400","Sigg","Alexander","Mitglied","GLP"
"eaa4df927c1e45c2b46d5587fce7dbc0",2024-05-22,9999-12-31,"Raumplanungskommission","Ständige Kommission","400","Sigg","Alexander","Beobachter/-in","GLP"
"7d8fa9cdec904faea18659353eb6da9b",2023-10-23,2024-08-15,"Kommission Parlamentarische Initiative \"Keine Discountbussen bei Littering\"","Spezialkommission","395","Stutz","Raphael","Mitglied","SVP"
"c0d03e0ced834421a4085c75f4381fab",2023-12-06,2024-11-26,"Kommission zur Vorberatung der Kantonalen VI \"Thurgauer Solarinitiative\"","Spezialkommission","395","Stutz","Raphael","Mitglied","SVP"
"c7812df4d8794c8d9067c2924ee8c970",2024-05-22,9999-12-31,"Kommission für Klima, Energie und Umwelt","Ständige Kommission","395","Stutz","Raphael","Mitglied","SVP"
"211f4d0dca1d4c0889c01d01a8d580f1",2025-07-02,9999-12-31,"Justizkommission","Ständige Kommission","410","Biondi","Alessandra","Mitglied","SP und Gew."
"3f06560c142e48839682110fc0e6340b",2023-03-22,9999-12-31,"Justizkommission","Ständige Kommission","357","Dietz","Mathias","Mitglied","Die Mitte/EVP"
"155d11aa582f40759a3c0df3846f9cdd",2019-08-01,2020-01-16,"Geschäftsprüfungs- und Finanzkommission","Ständige Kommission","140","Schallenberg","Turi","Mitglied","SP und Gew."
"0c81555af25a473f91dacb434451b687",2024-05-22,2025-07-01,"Justizkommission","Ständige Kommission","140","Schallenberg","Turi","Mitglied","SP und Gew."
"6db5dff6710b45968e6568611c0e12fe",2024-05-22,9999-12-31,"Justizkommission","Ständige Kommission","404","Schmidiger","Ciril","Mitglied","SVP"
"799d1895f80540c19ef67e3a3fd11d68",2016-02-24,9999-12-31,"Justizkommission","Ständige Kommission","274","Wiesli","Jürg","Mitglied","SVP"
"c3888808927f48789238cc2f71a06876",2022-08-17,9999-12-31,"Geschäftsprüfungs- und Finanzkommission","Ständige Kommission","391","Wittwer","Marcel","Mitglied","EDU/Aufrecht"
"cfa92fd5a61d4193936131ce81c589b6",2022-08-24,2024-05-22,"GFK Subkommission DJS","Ständige Kommission","391","Wittwer","Marcel","Mitglied","EDU/Aufrecht"
"cd0c2295a77a4d5989d34512ec3c7ff6",2022-08-24,2024-05-22,"GFK Subkommission GVTG (DBU/DJS)","Ständige Kommission","391","Wittwer","Marcel","Mitglied","EDU/Aufrecht"
"ea682710d8f349dfad3136c0c8eda9df",2024-05-22,9999-12-31,"GFK Subkommission DFS/SK","Ständige Kommission","391","Wittwer","Marcel","Mitglied","EDU/Aufrecht"
"84ca2f5ca4174d4aa5b8884e3ed701e1",2024-05-22,9999-12-31,"GFK Subkommission PHTG (DEK/DFS)","Ständige Kommission","391","Wittwer","Marcel","Mitglied","EDU/Aufrecht"
"56c9b6675d624259b14ccfbb8f44c33a",2024-05-22,9999-12-31,"GFK Subkommission TKB (DFS/DIV)","Ständige Kommission","391","Wittwer","Marcel","Mitglied","EDU/Aufrecht"
"9cd535de2d304555948da9789c179997",2024-11-29,9999-12-31,"GFK Subkommission Steuerverwaltung","Ständige Kommission","391","Wittwer","Marcel","Mitglied","EDU/Aufrecht"
"904abe36ca004327a494ae1f948bda92",2024-05-22,9999-12-31,"Raumplanungskommission","Ständige Kommission","388","Birk","Markus","Mitglied","SP und Gew."
"a16b3749af9b48dead1ef987e640f831",2020-05-20,2024-05-22,"Raumplanungskommission","Ständige Kommission","291","Eugster","Daniel","Mitglied","FDP"
"4d3b82f7771d4911bb2bfd48611215af",2024-05-22,9999-12-31,"Kommission für Klima, Energie und Umwelt","Ständige Kommission","291","Eugster","Daniel","Mitglied","FDP"
"af6aaa5bd5034eed8c25ef7d195ee1aa",2012-06-01,2016-06-01,"Raumplanungskommission","Ständige Kommission","265","Mader","Christian","Mitglied","EDU/Aufrecht"
"bff0a57c4e644000b2a13cb868a5c3ea",2016-06-01,2024-05-22,"Raumplanungskommission","Ständige Kommission","265","Mader","Christian","Beobachter/-in","EDU/Aufrecht"
"b9b26d44825f48e5bf1825f343e8dcdc",2024-05-22,9999-12-31,"Raumplanungskommission","Ständige Kommission","265","Mader","Christian","Mitglied","EDU/Aufrecht"
"e24086d3463f4729be1162d4635828d9",2023-12-06,2024-11-26,"Kommission zur Vorberatung der Kantonalen VI \"Thurgauer Solarinitiative\"","Spezialkommission","352","Müller","Elina","Mitglied","SP und Gew."
"5fbeef5dc3df49a892451f3096a7dd2a",2024-05-22,9999-12-31,"Kommission für Klima, Energie und Umwelt","Ständige Kommission","352","Müller","Elina","Mitglied","SP und Gew."
"8975ae063fb94e8a8a828b299c049eae",2022-05-19,2023-01-09,"Justizkommission","Ständige Kommission","384","Strähl-Obrist","Michèle","Mitglied","FDP"
"2330673d506a4aeda9e4d815427d2e9d",2023-01-09,2024-05-22,"Justizkommission","Ständige Kommission","384","Strähl-Obrist","Michèle","Vizepräsidium","FDP"
"6dffec7b96564a51bdcd2be9aa64e310",2024-05-22,9999-12-31,"Justizkommission","Ständige Kommission","384","Strähl-Obrist","Michèle","Präsidium","FDP"
"0d2a5611b05c492fbdc9c578bfc03a73",2022-01-06,2024-08-10,"Fachkommission GOGR 2024","Spezialkommission","383","Stähelin","Beda","Mitglied","Die Mitte/EVP"
"347154dae30f459ba64f6415c305e892",2024-05-22,9999-12-31,"Raumplanungskommission","Ständige Kommission","383","Stähelin","Beda","Mitglied","Die Mitte/EVP"
"2d09a11f296142c98148b00709484eff",2016-06-01,2020-05-20,"Raumplanungskommission","Ständige Kommission","114","Tobler","Stephan","Mitglied","SVP"
"d0b994dccc334372a24c6031512ca310",2020-05-20,9999-12-31,"Raumplanungskommission","Ständige Kommission","114","Tobler","Stephan","Präsidium","SVP"
"df12e0563e0149b0b2005ff7c98e5135",2021-07-07,2024-05-22,"Referat Kommissionensystem","Spezialkommission","114","Tobler","Stephan","Mitglied","SVP"
"8f4a1b698f5149aba0699678ba5f1d9d",2022-01-24,2022-09-15,"Kommission zur Vorberatung des Berichts \"Regulierungsbremse\"","Spezialkommission","114","Tobler","Stephan","Mitglied","SVP"
"29752c3d47b24d4cbff8ae63399ffc29",2023-12-06,2024-11-26,"Kommission zur Vorberatung der Kantonalen VI \"Thurgauer Solarinitiative\"","Spezialkommission","373","Vogel","Simon","Mitglied","GRÜNE"
"1a1f2793832140e0b4c8f99456b0180c",2024-05-22,9999-12-31,"Raumplanungskommission","Ständige Kommission","373","Vogel","Simon","Mitglied","GRÜNE"
"e54c521da9bb4da0ab05d9bff0ebcc13",2024-05-22,9999-12-31,"Raumplanungskommission","Ständige Kommission","375","Wattinger","Ralph","Mitglied","SVP"
"fcfa76a597d34858a0a73792ee724707",2016-06-01,2020-05-20,"Raumplanungskommission","Ständige Kommission","255","Guhl","Andreas","Mitglied","Die Mitte/EVP"
"9cc09dd9b6da4274ba9822da511b29e3",2012-06-01,2020-05-20,"Geschäftsprüfungs- und Finanzkommission","Ständige Kommission","262","Huber","Roland A.","Mitglied",""
"e6afcf9caff242df901c006381811902",2019-08-22,2019-08-23,"Geschäftsprüfungs- und Finanzkommission","Ständige Kommission","195","Hug","Patrick","Mitglied",""
"3b240c5a75a4418cb429d95c45d9bdfc",2011-12-06,2019-08-22,"Geschäftsprüfungs- und Finanzkommission","Ständige Kommission","195","Hug","Patrick","Mitglied",""
"f93ba18861ad44b09c9654d8707c50c4",2004-05-26,2020-05-20,"Raumplanungskommission","Ständige Kommission","23","Eugster","Armin","Präsidium",""
"257a667533404c4da6d535c47cfd82ff",2012-06-01,2023-05-17,"Gesetzgebungs- und Redaktionskommission","Ständige Kommission","266","Müller","Barbara","Mitglied","SP und Gew."
"f0635129992e4e61ac7b329f78df4243",2022-01-24,2022-09-15,"Kommission zur Vorberatung des Berichts \"Regulierungsbremse\"","Spezialkommission","386","Meier","Felix","Mitglied","SP und Gew."
"32cc8852d87140299b37cbbc239464a3",2024-05-22,2026-02-01,"Geschäftsprüfungs- und Finanzkommission","Ständige Kommission","386","Meier","Felix","Mitglied","SP und Gew."
"14237fd48eef48869c3c92c79996dec3",2024-05-22,2026-02-01,"GFK Subkommission DEK","Ständige Kommission","386","Meier","Felix","Mitglied","SP und Gew."
"f426eab244194f108a15b98435a78e2d",2024-05-22,2026-02-01,"GFK Subkommission PHTG (DEK/DFS)","Ständige Kommission","386","Meier","Felix","Mitglied","SP und Gew."
"06cb9229ae2d46ce8536d708cb944a93",2016-06-01,9999-12-31,"Raumplanungskommission","Ständige Kommission","325","Walther","René","Mitglied","FDP"
"cbf3c58e64c840eda3d880247d6a4d34",2023-12-06,2024-11-26,"Kommission zur Vorberatung der Kantonalen VI \"Thurgauer Solarinitiative\"","Spezialkommission","325","Walther","René","Mitglied","FDP"
"dc8b29f6460d4328980dd0463c645d2b",2021-04-19,2026-01-02,"Ratsbüro Subkommission","Ratsbüro","188","Brühwiler","Konrad","Mitglied","SVP"
"baf770d0a50e49e5826b632658779461",2021-07-07,2024-05-22,"Referat Kommissionensystem","Spezialkommission","188","Brühwiler","Konrad","Mitglied","SVP"
"0966d04f6fad4495afab3b3a9b755010",2022-01-06,2024-08-10,"Fachkommission GOGR 2024","Spezialkommission","188","Brühwiler","Konrad","Mitglied","SVP"
"6bc722d4397144ffb2013e235a83923e",2023-10-23,2024-08-15,"Kommission Parlamentarische Initiative \"Keine Discountbussen bei Littering\"","Spezialkommission","188","Brühwiler","Konrad","Mitglied","SVP"
"8b5f8396e6be4e99bb98356a4153660a",2024-05-22,9999-12-31,"Justizkommission","Ständige Kommission","188","Brühwiler","Konrad","Mitglied","SVP"
"805d684e1e2f481a8467e64100c47625",2024-05-22,9999-12-31,"Kommission für Klima, Energie und Umwelt","Ständige Kommission","188","Brühwiler","Konrad","Mitglied","SVP"
"65ea4f66e16c4c4080e4970a18ba4f95",2024-05-22,9999-12-31,"Geschäftsprüfungs- und Finanzkommission","Ständige Kommission","432","Spiri","Robin","Mitglied","EDU/Aufrecht"
"9d3a30c395aa4a98943de1ba77d703f1",2024-05-22,9999-12-31,"GFK Subkommission DJS","Ständige Kommission","432","Spiri","Robin","Mitglied","EDU/Aufrecht"
"12d9ddb3fea545a1b25ee3fbadd2c710",2024-05-22,9999-12-31,"GFK Subkommission GVTG (DBU/DJS)","Ständige Kommission","432","Spiri","Robin","Mitglied","EDU/Aufrecht"
"8c4c4c78ec284802930c7690992ddb21",2025-03-12,2025-09-09,"GFK Subkommission ADP","Ständige Kommission","432","Spiri","Robin","Mitglied","EDU/Aufrecht"
"b8bcd2b3ca8846d985c92dcaa5f16fd7",2023-12-06,2024-11-26,"Kommission zur Vorberatung der Kantonalen VI \"Thurgauer Solarinitiative\"","Spezialkommission","207","Vetterli","Daniel","Mitglied","SVP"
"e65b94652bf14caaa50e6fc4f645125b",2011-05-26,2026-06-01,"Raumplanungskommission","Ständige Kommission","207","Vetterli","Daniel","Mitglied","SVP"
"57da6b6687884bffb503a0f95182ae7b",2017-10-31,2023-05-18,"Gesetzgebungs- und Redaktionskommission","Ständige Kommission","211","Zuber","Andreas","Präsidium","SVP"
"56f14bb11f4d4c9d973ae3f2e0b63dd4",2011-12-22,2017-10-31,"Gesetzgebungs- und Redaktionskommission","Ständige Kommission","211","Zuber","Andreas","Mitglied","SVP"
"17e68b2c907b445587f42788ce1c458c",2022-01-06,2024-08-10,"Fachkommission GOGR 2024","Spezialkommission","211","Zuber","Andreas","Mitglied","SVP"
"71aa6aa64f3d4287874026b27867bbfb",2023-05-18,2024-05-22,"Gesetzgebungs- und Redaktionskommission","Ständige Kommission","211","Zuber","Andreas","Mitglied","SVP"
"9fad807f8c174c98b8827069d4263d49",2023-05-17,2024-05-22,"Ratsbüro Subkommission","Ratsbüro","211","Zuber","Andreas","Präsidium","SVP"
"cd916e1bbc63473f8c6de440ce7e79c8",2024-05-22,2026-08-01,"Gesetzgebungs- und Redaktionskommission","Ständige Kommission","211","Zuber","Andreas","Vizepräsidium","SVP"
"a8ff2db9d2dc417fa5e12940a5ba94db",2020-07-01,2024-05-22,"Geschäftsprüfungs- und Finanzkommission","Ständige Kommission","377","Zeitner","Nicole","Mitglied","GLP"
"5bdf01be131a43138edb690937b9c797",2020-05-20,2024-05-22,"GFK Subkommission DEK","Ständige Kommission","377","Zeitner","Nicole","Mitglied","GLP"
"a5663fa3cce14e629f02022e47e31619",2020-05-20,2024-05-22,"GFK Subkommission PHTG (DEK/DFS)","Ständige Kommission","377","Zeitner","Nicole","Mitglied","GLP"
"6c9ba59ef971422891fbd9df7d03d648",2024-05-22,2026-03-18,"Kommission für Klima, Energie und Umwelt","Ständige Kommission","377","Zeitner","Nicole","Beobachter/-in","GLP"
"b01d81a6f9c74477ae24dcdf9b006715",2021-07-07,2024-05-22,"Referat Kommissionensystem","Spezialkommission","328","Bruggmann","Marina","Mitglied","SP und Gew."
"ece9e81843184e9f9356dbd3e288d8e3",2020-05-20,9999-12-31,"Gesetzgebungs- und Redaktionskommission","Ständige Kommission","356","Brühlmann Zwahlen","Maja","Mitglied","SVP"
"a6d3ed55f2d74bf982bad482cf2c3078",2022-08-01,9999-12-31,"Geschäftsprüfungs- und Finanzkommission","Ständige Kommission","356","Brühlmann Zwahlen","Maja","Mitglied","SVP"
"4ee58a03437740488cd2501b58ef5532",2022-08-24,2024-05-22,"GFK Subkommission DEK","Ständige Kommission","356","Brühlmann Zwahlen","Maja","Mitglied","SVP"
"2e03f885bf1741d8822246b14a78ae7e",2022-08-24,9999-12-31,"GFK Subkommission PHTG (DEK/DFS)","Ständige Kommission","356","Brühlmann Zwahlen","Maja","Mitglied","SVP"
"f881a8aed02a4e0787b78453cf83c866",2024-05-22,9999-12-31,"GFK Subkommission DFS/SK","Ständige Kommission","356","Brühlmann Zwahlen","Maja","Mitglied","SVP"
"bd40b2c51a1c4c67bf941cdb06cc7995",2024-05-22,9999-12-31,"GFK Subkommission TKB (DFS/DIV)","Ständige Kommission","356","Brühlmann Zwahlen","Maja","Mitglied","SVP"
"fc7b03c456c1425694bbe9978515cc66",2024-11-29,9999-12-31,"GFK Subkommission Steuerverwaltung","Ständige Kommission","356","Brühlmann Zwahlen","Maja","Mitglied","SVP"
"f2c278c0f2e54c12b22c0f2fef997b4d",2020-05-20,2023-04-19,"Justizkommission","Ständige Kommission","308","Hasler-Roost","Cornelia","Mitglied","FDP"
"be67b70992dc4b538326525e8006e952",2020-05-20,9999-12-31,"Justizkommission","Ständige Kommission","359","Hauser","Cornelia","Mitglied","GRÜNE"
"9dc83878eb0e4beba30f3fee0a341767",2023-05-18,9999-12-31,"Geschäftsprüfungs- und Finanzkommission","Ständige Kommission","367","Peter","Priska","Mitglied","SVP"
"c82cfc1336da42b59e78007fca563e4e",2023-05-18,2024-05-22,"GFK Subkommission DJS","Ständige Kommission","367","Peter","Priska","Mitglied","SVP"
"0ca5a848602a420fa34555e80594591e",2023-05-18,9999-12-31,"GFK Subkommission GVTG (DBU/DJS)","Ständige Kommission","367","Peter","Priska","Mitglied","SVP"
"210eb5a4c45c491a80d0b927f526077c",2024-05-22,9999-12-31,"GFK Subkommission DJS","Ständige Kommission","367","Peter","Priska","Präsidium","SVP"
"370d7530cca0425aab6284960bc38424",2020-05-20,2024-05-22,"Geschäftsprüfungs- und Finanzkommission","Ständige Kommission","316","Peter Köstli","Sabina","Mitglied","Die Mitte/EVP"
"f75d444ca69d4810948e7a2e410c462f",2020-05-20,2024-05-22,"GFK Subkommission DFS/SK","Ständige Kommission","316","Peter Köstli","Sabina","Mitglied","Die Mitte/EVP"
"d6184c684f16496c8f2f8d3dd794aed0",2020-05-20,2024-05-22,"GFK Subkommission TKB (DFS/DIV)","Ständige Kommission","316","Peter Köstli","Sabina","Mitglied","Die Mitte/EVP"
"c5344ec4154444858d2c762a3209839a",2020-05-20,2024-05-22,"GFK Subkommission PHTG (DEK/DFS)","Ständige Kommission","316","Peter Köstli","Sabina","Mitglied","Die Mitte/EVP"
"54319a3d1bbb4d3dbc852865587c8056",2012-06-01,2024-05-22,"Geschäftsprüfungs- und Finanzkommission","Ständige Kommission","264","Leuthold","Stefan","Mitglied","GLP"
"1816ea4965ad47f0b4b72417fb6ee989",2020-05-20,2021-08-27,"GFK Subkommission DBU","Ständige Kommission","264","Leuthold","Stefan","Präsidium","GLP"
"6706a68e9bca49ea91d71efe60668ef4",2021-08-25,2024-05-22,"GFK Subkommission DIV","Ständige Kommission","264","Leuthold","Stefan","Mitglied","GLP"
"d14f6b4696ca477882ba4feb3bbd424b",2021-08-25,2024-05-22,"GFK Subkommission TKB (DFS/DIV)","Ständige Kommission","264","Leuthold","Stefan","Mitglied","GLP"
"ab9fcb000b5e46d6b5a054552175e98c",2023-11-08,2024-05-22,"Justizkommission","Ständige Kommission","264","Leuthold","Stefan","Mitglied","GLP"
"db83a98bac204ababb9315744e9bd157",2024-05-03,2024-11-26,"Kommission zur Vorberatung der Kantonalen VI \"Thurgauer Solarinitiative\"","Spezialkommission","264","Leuthold","Stefan","Mitglied","GLP"
"da4b3f0e9a7a4d23b95296e8c83a06d2",2024-05-22,9999-12-31,"Gesetzgebungs- und Redaktionskommission","Ständige Kommission","264","Leuthold","Stefan","Beobachter/-in","GLP"
"8a861dab4e754e5dbc63984f5db22949",2026-03-18,9999-12-31,"Kommission für Klima, Energie und Umwelt","Ständige Kommission","264","Leuthold","Stefan","Beobachter/-in","GLP"
"f4e9a1b3c5964e9d895ea02ce90d0077",2022-01-24,2022-09-15,"Kommission zur Vorberatung des Berichts \"Regulierungsbremse\"","Spezialkommission","303","Ammann","Reto","Mitglied","GLP"
"45fac4ec40af4e15987eb8d974964bf6",2024-05-22,9999-12-31,"Justizkommission","Ständige Kommission","409","Bernold","Claudio","Mitglied","FDP"
"3351095d148142b8bc06557dba859206",2023-10-23,2024-08-15,"Kommission Parlamentarische Initiative \"Keine Discountbussen bei Littering\"","Spezialkommission","312","Butscher-Indergand","Aline","Mitglied","SVP"
"0554e7354a1449a18a9049716b8ba0fe",2024-05-22,9999-12-31,"Geschäftsprüfungs- und Finanzkommission","Ständige Kommission","312","Butscher-Indergand","Aline","Mitglied","SVP"
"3082f100188a4c7da5c0d9877f2556d3",2024-05-22,9999-12-31,"GFK Subkommission DBU","Ständige Kommission","312","Butscher-Indergand","Aline","Mitglied","SVP"
"6aedd87232e046799995f3237d38edb7",2024-05-22,9999-12-31,"GFK Subkommission GVTG (DBU/DJS)","Ständige Kommission","312","Butscher-Indergand","Aline","Mitglied","SVP"
"d12f412a5c7146c1a9e6b4b9cd149d9f",2021-04-19,2023-05-17,"Ratsbüro Subkommission","Ratsbüro","336","Dätwyler Weber","Barbara","Mitglied","SP und Gew."
"9f42f0ca994a40ab9ab6782b1a2e855b",2021-07-07,2024-05-22,"Referat Kommissionensystem","Spezialkommission","336","Dätwyler Weber","Barbara","Mitglied","SP und Gew."
"70db5a8ddf48495caf5f78820253113c",2022-01-06,2024-08-10,"Fachkommission GOGR 2024","Spezialkommission","336","Dätwyler Weber","Barbara","Mitglied","SP und Gew."
"27863d45a95843c5bc49bf650886d6b6",2024-05-22,9999-12-31,"Raumplanungskommission","Ständige Kommission","336","Dätwyler Weber","Barbara","Mitglied","SP und Gew."
"044b795e5e0741e5acdb8c4ebab08485",2023-12-06,2024-11-26,"Kommission zur Vorberatung der Kantonalen VI \"Thurgauer Solarinitiative\"","Spezialkommission","361","Macedo","Gabriel","Mitglied","FDP"
"654a0fb9209f4f629c14bd536b045935",2024-05-22,9999-12-31,"Geschäftsprüfungs- und Finanzkommission","Ständige Kommission","361","Macedo","Gabriel","Mitglied","FDP"
"9329b644952b414ab0f3484a8eac326f",2024-05-22,9999-12-31,"GFK Subkommission DFS/SK","Ständige Kommission","361","Macedo","Gabriel","Präsidium","FDP"
"e85c5da16e3b42e39577c4c7e359a527",2024-05-22,9999-12-31,"GFK Subkommission PHTG (DEK/DFS)","Ständige Kommission","361","Macedo","Gabriel","Mitglied","FDP"
"33aa87ceefe84de79f480149d3370a0a",2024-05-22,9999-12-31,"GFK Subkommission TKB (DFS/DIV)","Ständige Kommission","361","Macedo","Gabriel","Präsidium","FDP"
"761ba7f87bfe40359232e51f4809f6b9",2024-11-29,9999-12-31,"GFK Subkommission Steuerverwaltung","Ständige Kommission","361","Macedo","Gabriel","Vizepräsidium","FDP"
"ff370061a15b4943a2f95f91727f1dca",2023-10-23,2024-08-15,"Kommission Parlamentarische Initiative \"Keine Discountbussen bei Littering\"","Spezialkommission","353","Ricklin","Judith","Präsidium","SVP"
"afd3ea5d181c4bb184fba7dae213b63b",2024-05-22,9999-12-31,"Kommission für Klima, Energie und Umwelt","Ständige Kommission","430","Sigrist","Andreas","Mitglied","EDU/Aufrecht"
"e23445f3dac649b5a2af2fe142dc4ac0",2012-06-01,9999-12-31,"Gesetzgebungs- und Redaktionskommission","Ständige Kommission","212","Wirth","Andreas","Mitglied","SVP"
"4f129b50519b4072a888a32ee5986de8",2011-01-01,2023-07-06,"Geschäftsprüfungs- und Finanzkommission","Ständige Kommission","210","Zimmermann","David","Mitglied","SVP"
"fee6224fe97143d58f3f8651e1d0d43d",2020-05-20,2023-07-06,"GFK Subkommission DBU","Ständige Kommission","210","Zimmermann","David","Mitglied","SVP"
"e2ad19bf0a974627981af9c48cf73505",2020-05-20,2023-07-06,"GFK Subkommission GVTG (DBU/DJS)","Ständige Kommission","210","Zimmermann","David","Mitglied","SVP"
"26dede3716b14f909cc7f35e3b77ab0c",2023-12-06,2024-11-26,"Kommission zur Vorberatung der Kantonalen VI \"Thurgauer Solarinitiative\"","Spezialkommission","210","Zimmermann","David","Mitglied","SVP"
